A;http://ebuw.uw.edu.pl/Content/283674/Kt2i.djvu?djvuopts&page=00000010l.djvu;1
c.d.;http://ebuw.uw.edu.pl/Content/283674/Kt2i.djvu?djvuopts&page=00000010r.djvu;1
A summo;http://ebuw.uw.edu.pl/Content/283674/Kt2i.djvu?djvuopts&page=00000011l.djvu;2
c.d.;http://ebuw.uw.edu.pl/Content/283674/Kt2i.djvu?djvuopts&page=00000011r.djvu;3
Abiecito;http://ebuw.uw.edu.pl/Content/283674/Kt2i.djvu?djvuopts&page=00000012l.djvu;4
c.d.;http://ebuw.uw.edu.pl/Content/283674/Kt2i.djvu?djvuopts&page=00000012r.djvu;5
Abruptum;http://ebuw.uw.edu.pl/Content/283674/Kt2i.djvu?djvuopts&page=00000013l.djvu;6
c.d.;http://ebuw.uw.edu.pl/Content/283674/Kt2i.djvu?djvuopts&page=00000013r.djvu;7
Academia;http://ebuw.uw.edu.pl/Content/283674/Kt2i.djvu?djvuopts&page=00000014l.djvu;8
c.d.;http://ebuw.uw.edu.pl/Content/283674/Kt2i.djvu?djvuopts&page=00000014r.djvu;9
Accola;http://ebuw.uw.edu.pl/Content/283674/Kt2i.djvu?djvuopts&page=00000015l.djvu;10
c.d.;http://ebuw.uw.edu.pl/Content/283674/Kt2i.djvu?djvuopts&page=00000015r.djvu;11
Acinacius;http://ebuw.uw.edu.pl/Content/283674/Kt2i.djvu?djvuopts&page=00000016l.djvu;12
c.d.;http://ebuw.uw.edu.pl/Content/283674/Kt2i.djvu?djvuopts&page=00000016r.djvu;13
Aculeus calcis;http://ebuw.uw.edu.pl/Content/283674/Kt2i.djvu?djvuopts&page=00000017l.djvu;14
c.d.;http://ebuw.uw.edu.pl/Content/283674/Kt2i.djvu?djvuopts&page=00000017r.djvu;15
Ad posterum;http://ebuw.uw.edu.pl/Content/283674/Kt2i.djvu?djvuopts&page=00000018l.djvu;16
c.d.;http://ebuw.uw.edu.pl/Content/283674/Kt2i.djvu?djvuopts&page=00000018r.djvu;17
Adduo;http://ebuw.uw.edu.pl/Content/283674/Kt2i.djvu?djvuopts&page=00000019l.djvu;18
c.d.;http://ebuw.uw.edu.pl/Content/283674/Kt2i.djvu?djvuopts&page=00000019r.djvu;19
Adminiculor;http://ebuw.uw.edu.pl/Content/283674/Kt2i.djvu?djvuopts&page=00000020l.djvu;20
c.d.;http://ebuw.uw.edu.pl/Content/283674/Kt2i.djvu?djvuopts&page=00000020r.djvu;21
Adoxus;http://ebuw.uw.edu.pl/Content/283674/Kt2i.djvu?djvuopts&page=00000021l.djvu;22
c.d.;http://ebuw.uw.edu.pl/Content/283674/Kt2i.djvu?djvuopts&page=00000021r.djvu;23
Adversus quod;http://ebuw.uw.edu.pl/Content/283674/Kt2i.djvu?djvuopts&page=00000022l.djvu;24
c.d.;http://ebuw.uw.edu.pl/Content/283674/Kt2i.djvu?djvuopts&page=00000022r.djvu;25
Aegroto;http://ebuw.uw.edu.pl/Content/283674/Kt2i.djvu?djvuopts&page=00000023l.djvu;26
c.d.;http://ebuw.uw.edu.pl/Content/283674/Kt2i.djvu?djvuopts&page=00000023r.djvu;27
Aerimen;http://ebuw.uw.edu.pl/Content/283674/Kt2i.djvu?djvuopts&page=00000024l.djvu;28
c.d.;http://ebuw.uw.edu.pl/Content/283674/Kt2i.djvu?djvuopts&page=00000024r.djvu;29
Affaniae;http://ebuw.uw.edu.pl/Content/283674/Kt2i.djvu?djvuopts&page=00000025l.djvu;30
c.d.;http://ebuw.uw.edu.pl/Content/283674/Kt2i.djvu?djvuopts&page=00000025r.djvu;31
Ager pascuus;http://ebuw.uw.edu.pl/Content/283674/Kt2i.djvu?djvuopts&page=00000026l.djvu;32
c.d.;http://ebuw.uw.edu.pl/Content/283674/Kt2i.djvu?djvuopts&page=00000026r.djvu;33
Agrarias facio;http://ebuw.uw.edu.pl/Content/283674/Kt2i.djvu?djvuopts&page=00000027l.djvu;34
c.d.;http://ebuw.uw.edu.pl/Content/283674/Kt2i.djvu?djvuopts&page=00000027r.djvu;35
Ales;http://ebuw.uw.edu.pl/Content/283674/Kt2i.djvu?djvuopts&page=00000028l.djvu;36
c.d.;http://ebuw.uw.edu.pl/Content/283674/Kt2i.djvu?djvuopts&page=00000028r.djvu;37
Allaudabilis opera;http://ebuw.uw.edu.pl/Content/283674/Kt2i.djvu?djvuopts&page=00000029l.djvu;38
c.d.;http://ebuw.uw.edu.pl/Content/283674/Kt2i.djvu?djvuopts&page=00000029r.djvu;39
Alto vultu;http://ebuw.uw.edu.pl/Content/283674/Kt2i.djvu?djvuopts&page=00000030l.djvu;40
c.d.;http://ebuw.uw.edu.pl/Content/283674/Kt2i.djvu?djvuopts&page=00000030r.djvu;41
Ambiformiter;http://ebuw.uw.edu.pl/Content/283674/Kt2i.djvu?djvuopts&page=00000031l.djvu;42
c.d.;http://ebuw.uw.edu.pl/Content/283674/Kt2i.djvu?djvuopts&page=00000031r.djvu;43
Amo;http://ebuw.uw.edu.pl/Content/283674/Kt2i.djvu?djvuopts&page=00000032l.djvu;44
c.d.;http://ebuw.uw.edu.pl/Content/283674/Kt2i.djvu?djvuopts&page=00000032r.djvu;45
Amussitatus;http://ebuw.uw.edu.pl/Content/283674/Kt2i.djvu?djvuopts&page=00000033l.djvu;46
c.d.;http://ebuw.uw.edu.pl/Content/283674/Kt2i.djvu?djvuopts&page=00000033r.djvu;47
Ancarius;http://ebuw.uw.edu.pl/Content/283674/Kt2i.djvu?djvuopts&page=00000034l.djvu;48
c.d.;http://ebuw.uw.edu.pl/Content/283674/Kt2i.djvu?djvuopts&page=00000034r.djvu;49
Anhelitum;http://ebuw.uw.edu.pl/Content/283674/Kt2i.djvu?djvuopts&page=00000035l.djvu;50
c.d.;http://ebuw.uw.edu.pl/Content/283674/Kt2i.djvu?djvuopts&page=00000035r.djvu;51
Annonae gravitas;http://ebuw.uw.edu.pl/Content/283674/Kt2i.djvu?djvuopts&page=00000036l.djvu;52
c.d.;http://ebuw.uw.edu.pl/Content/283674/Kt2i.djvu?djvuopts&page=00000036r.djvu;53
Antecoena;http://ebuw.uw.edu.pl/Content/283674/Kt2i.djvu?djvuopts&page=00000037l.djvu;54
c.d.;http://ebuw.uw.edu.pl/Content/283674/Kt2i.djvu?djvuopts&page=00000037r.djvu;55
Antiphrasis;http://ebuw.uw.edu.pl/Content/283674/Kt2i.djvu?djvuopts&page=00000038l.djvu;56
c.d.;http://ebuw.uw.edu.pl/Content/283674/Kt2i.djvu?djvuopts&page=00000038r.djvu;57
Apheteria;http://ebuw.uw.edu.pl/Content/283674/Kt2i.djvu?djvuopts&page=00000039l.djvu;58
c.d.;http://ebuw.uw.edu.pl/Content/283674/Kt2i.djvu?djvuopts&page=00000039r.djvu;60
Apotelesma;http://ebuw.uw.edu.pl/Content/283674/Kt2i.djvu?djvuopts&page=00000040l.djvu;60
c.d.;http://ebuw.uw.edu.pl/Content/283674/Kt2i.djvu?djvuopts&page=00000040r.djvu;61
Aprieus;http://ebuw.uw.edu.pl/Content/283674/Kt2i.djvu?djvuopts&page=00000041l.djvu;62
c.d.;http://ebuw.uw.edu.pl/Content/283674/Kt2i.djvu?djvuopts&page=00000041r.djvu;63
Aratrum simplex;http://ebuw.uw.edu.pl/Content/283674/Kt2i.djvu?djvuopts&page=00000042l.djvu;64
c.d.;http://ebuw.uw.edu.pl/Content/283674/Kt2i.djvu?djvuopts&page=00000042r.djvu;65
Arcula;http://ebuw.uw.edu.pl/Content/283674/Kt2i.djvu?djvuopts&page=00000043l.djvu;66
c.d.;http://ebuw.uw.edu.pl/Content/283674/Kt2i.djvu?djvuopts&page=00000043r.djvu;67
Argyranche;http://ebuw.uw.edu.pl/Content/283674/Kt2i.djvu?djvuopts&page=00000044l.djvu;68
c.d.;http://ebuw.uw.edu.pl/Content/283674/Kt2i.djvu?djvuopts&page=00000044r.djvu;69
Arrectarius paries;http://ebuw.uw.edu.pl/Content/283674/Kt2i.djvu?djvuopts&page=00000045l.djvu;70
c.d.;http://ebuw.uw.edu.pl/Content/283674/Kt2i.djvu?djvuopts&page=00000045r.djvu;71
Aruudulatio [właśc. Arundulatio];http://ebuw.uw.edu.pl/Content/283674/Kt2i.djvu?djvuopts&page=00000046l.djvu;72
c.d.;http://ebuw.uw.edu.pl/Content/283674/Kt2i.djvu?djvuopts&page=00000046r.djvu;73
Affector;http://ebuw.uw.edu.pl/Content/283674/Kt2i.djvu?djvuopts&page=00000047l.djvu;74
c.d.;http://ebuw.uw.edu.pl/Content/283674/Kt2i.djvu?djvuopts&page=00000047r.djvu;75
Asterno;http://ebuw.uw.edu.pl/Content/283674/Kt2i.djvu?djvuopts&page=00000048l.djvu;76
c.d.;http://ebuw.uw.edu.pl/Content/283674/Kt2i.djvu?djvuopts&page=00000048r.djvu;77
Attelabus;http://ebuw.uw.edu.pl/Content/283674/Kt2i.djvu?djvuopts&page=00000049l.djvu;78
c.d.;http://ebuw.uw.edu.pl/Content/283674/Kt2i.djvu?djvuopts&page=00000049r.djvu;79
Audeo;http://ebuw.uw.edu.pl/Content/283674/Kt2i.djvu?djvuopts&page=00000050l.djvu;80
c.d.;http://ebuw.uw.edu.pl/Content/283674/Kt2i.djvu?djvuopts&page=00000050r.djvu;81
Avis inauspicata;http://ebuw.uw.edu.pl/Content/283674/Kt2i.djvu?djvuopts&page=00000051l.djvu;82
c.d.;http://ebuw.uw.edu.pl/Content/283674/Kt2i.djvu?djvuopts&page=00000051r.djvu;83
Ausim;http://ebuw.uw.edu.pl/Content/283674/Kt2i.djvu?djvuopts&page=00000052l.djvu;84
c.d.;http://ebuw.uw.edu.pl/Content/283674/Kt2i.djvu?djvuopts&page=00000052r.djvu;85
Balaena;http://ebuw.uw.edu.pl/Content/283674/Kt2i.djvu?djvuopts&page=00000053l.djvu;86
c.d.;http://ebuw.uw.edu.pl/Content/283674/Kt2i.djvu?djvuopts&page=00000053r.djvu;87
Basilice;http://ebuw.uw.edu.pl/Content/283674/Kt2i.djvu?djvuopts&page=00000054l.djvu;88
c.d.;http://ebuw.uw.edu.pl/Content/283674/Kt2i.djvu?djvuopts&page=00000054r.djvu;89
Beneficio meo;http://ebuw.uw.edu.pl/Content/283674/Kt2i.djvu?djvuopts&page=00000055l.djvu;90
c.d.;http://ebuw.uw.edu.pl/Content/283674/Kt2i.djvu?djvuopts&page=00000055r.djvu;91
Bilinguis;http://ebuw.uw.edu.pl/Content/283674/Kt2i.djvu?djvuopts&page=00000056l.djvu;92
c.d.;http://ebuw.uw.edu.pl/Content/283674/Kt2i.djvu?djvuopts&page=00000056r.djvu;93
Boletus;http://ebuw.uw.edu.pl/Content/283674/Kt2i.djvu?djvuopts&page=00000057l.djvu;94
c.d.;http://ebuw.uw.edu.pl/Content/283674/Kt2i.djvu?djvuopts&page=00000057r.djvu;95
Brechmasis;http://ebuw.uw.edu.pl/Content/283674/Kt2i.djvu?djvuopts&page=00000058l.djvu;96
c.d.;http://ebuw.uw.edu.pl/Content/283674/Kt2i.djvu?djvuopts&page=00000058r.djvu;97
Bullatae nugae;http://ebuw.uw.edu.pl/Content/283674/Kt2i.djvu?djvuopts&page=00000059l.djvu;98
c.d.;http://ebuw.uw.edu.pl/Content/283674/Kt2i.djvu?djvuopts&page=00000059r.djvu;99
Cadmia;http://ebuw.uw.edu.pl/Content/283674/Kt2i.djvu?djvuopts&page=00000060l.djvu;100
c.d.;http://ebuw.uw.edu.pl/Content/283674/Kt2i.djvu?djvuopts&page=00000060r.djvu;101
Caesuratim;http://ebuw.uw.edu.pl/Content/283674/Kt2i.djvu?djvuopts&page=00000061l.djvu;102
c.d.;http://ebuw.uw.edu.pl/Content/283674/Kt2i.djvu?djvuopts&page=00000061r.djvu;103
Caletur hic;http://ebuw.uw.edu.pl/Content/283674/Kt2i.djvu?djvuopts&page=00000062l.djvu;104
c.d.;http://ebuw.uw.edu.pl/Content/283674/Kt2i.djvu?djvuopts&page=00000062r.djvu;105
Caminus;http://ebuw.uw.edu.pl/Content/283674/Kt2i.djvu?djvuopts&page=00000063l.djvu;106
c.d.;http://ebuw.uw.edu.pl/Content/283674/Kt2i.djvu?djvuopts&page=00000063r.djvu;107
Cannabinus;http://ebuw.uw.edu.pl/Content/283674/Kt2i.djvu?djvuopts&page=00000064l.djvu;108
c.d.;http://ebuw.uw.edu.pl/Content/283674/Kt2i.djvu?djvuopts&page=00000064r.djvu;109
Capitalier;http://ebuw.uw.edu.pl/Content/283674/Kt2i.djvu?djvuopts&page=00000065l.djvu;110
c.d.;http://ebuw.uw.edu.pl/Content/283674/Kt2i.djvu?djvuopts&page=00000065r.djvu;111
Carbonarius;http://ebuw.uw.edu.pl/Content/283674/Kt2i.djvu?djvuopts&page=00000066l.djvu;112
c.d.;http://ebuw.uw.edu.pl/Content/283674/Kt2i.djvu?djvuopts&page=00000066r.djvu;113
Carpentarius;http://ebuw.uw.edu.pl/Content/283674/Kt2i.djvu?djvuopts&page=00000067l.djvu;114
c.d.;http://ebuw.uw.edu.pl/Content/283674/Kt2i.djvu?djvuopts&page=00000067r.djvu;115
Castratorius;http://ebuw.uw.edu.pl/Content/283674/Kt2i.djvu?djvuopts&page=00000068l.djvu;116
c.d.;http://ebuw.uw.edu.pl/Content/283674/Kt2i.djvu?djvuopts&page=00000068r.djvu;117
Catillatio;http://ebuw.uw.edu.pl/Content/283674/Kt2i.djvu?djvuopts&page=00000069l.djvu;118
c.d.;http://ebuw.uw.edu.pl/Content/283674/Kt2i.djvu?djvuopts&page=00000069r.djvu;119
Causa capitis;http://ebuw.uw.edu.pl/Content/283674/Kt2i.djvu?djvuopts&page=00000070l.djvu;120
c.d.;http://ebuw.uw.edu.pl/Content/283674/Kt2i.djvu?djvuopts&page=00000070r.djvu;121
Celsus;http://ebuw.uw.edu.pl/Content/283674/Kt2i.djvu?djvuopts&page=00000071l.djvu;122
c.d.;http://ebuw.uw.edu.pl/Content/283674/Kt2i.djvu?djvuopts&page=00000071r.djvu;123
Cepula;http://ebuw.uw.edu.pl/Content/283674/Kt2i.djvu?djvuopts&page=00000072l.djvu;124
c.d.;http://ebuw.uw.edu.pl/Content/283674/Kt2i.djvu?djvuopts&page=00000072r.djvu;125
Certe;http://ebuw.uw.edu.pl/Content/283674/Kt2i.djvu?djvuopts&page=00000073l.djvu;126
c.d.;http://ebuw.uw.edu.pl/Content/283674/Kt2i.djvu?djvuopts&page=00000073r.djvu;127
Chamaemelon;http://ebuw.uw.edu.pl/Content/283674/Kt2i.djvu?djvuopts&page=00000074l.djvu;128
c.d.;http://ebuw.uw.edu.pl/Content/283674/Kt2i.djvu?djvuopts&page=00000074r.djvu;129
Chironia ampelos;http://ebuw.uw.edu.pl/Content/283674/Kt2i.djvu?djvuopts&page=00000075l.djvu;130
c.d.;http://ebuw.uw.edu.pl/Content/283674/Kt2i.djvu?djvuopts&page=00000075r.djvu;131
Cibarius;http://ebuw.uw.edu.pl/Content/283674/Kt2i.djvu?djvuopts&page=00000076l.djvu;132
c.d.;http://ebuw.uw.edu.pl/Content/283674/Kt2i.djvu?djvuopts&page=00000076r.djvu;133
Circius;http://ebuw.uw.edu.pl/Content/283674/Kt2i.djvu?djvuopts&page=00000077l.djvu;134
c.d.;http://ebuw.uw.edu.pl/Content/283674/Kt2i.djvu?djvuopts&page=00000077r.djvu;135
Circumplecto;http://ebuw.uw.edu.pl/Content/283674/Kt2i.djvu?djvuopts&page=00000078l.djvu;136
c.d.;http://ebuw.uw.edu.pl/Content/283674/Kt2i.djvu?djvuopts&page=00000078r.djvu;137
Citatim;http://ebuw.uw.edu.pl/Content/283674/Kt2i.djvu?djvuopts&page=00000079l.djvu;138
c.d.;http://ebuw.uw.edu.pl/Content/283674/Kt2i.djvu?djvuopts&page=00000079r.djvu;139
Clavicula;http://ebuw.uw.edu.pl/Content/283674/Kt2i.djvu?djvuopts&page=00000080l.djvu;140
c.d.;http://ebuw.uw.edu.pl/Content/283674/Kt2i.djvu?djvuopts&page=00000080r.djvu;141
Clyster;http://ebuw.uw.edu.pl/Content/283674/Kt2i.djvu?djvuopts&page=00000081l.djvu;142
c.d.;http://ebuw.uw.edu.pl/Content/283674/Kt2i.djvu?djvuopts&page=00000081r.djvu;143
Coculum;http://ebuw.uw.edu.pl/Content/283674/Kt2i.djvu?djvuopts&page=00000082l.djvu;144
c.d.;http://ebuw.uw.edu.pl/Content/283674/Kt2i.djvu?djvuopts&page=00000082r.djvu;145
Cohaesus;http://ebuw.uw.edu.pl/Content/283674/Kt2i.djvu?djvuopts&page=00000083l.djvu;146
c.d.;http://ebuw.uw.edu.pl/Content/283674/Kt2i.djvu?djvuopts&page=00000083r.djvu;147
Colligo;http://ebuw.uw.edu.pl/Content/283674/Kt2i.djvu?djvuopts&page=00000084l.djvu;148
c.d.;http://ebuw.uw.edu.pl/Content/283674/Kt2i.djvu?djvuopts&page=00000084r.djvu;149
Columbar;http://ebuw.uw.edu.pl/Content/283674/Kt2i.djvu?djvuopts&page=00000085l.djvu;150
c.d.;http://ebuw.uw.edu.pl/Content/283674/Kt2i.djvu?djvuopts&page=00000085r.djvu;151
Commarceo;http://ebuw.uw.edu.pl/Content/283674/Kt2i.djvu?djvuopts&page=00000086l.djvu;152
c.d.;http://ebuw.uw.edu.pl/Content/283674/Kt2i.djvu?djvuopts&page=00000086r.djvu;153
Commolior;http://ebuw.uw.edu.pl/Content/283674/Kt2i.djvu?djvuopts&page=00000087l.djvu;154
c.d.;http://ebuw.uw.edu.pl/Content/283674/Kt2i.djvu?djvuopts&page=00000087r.djvu;155
Compavitus;http://ebuw.uw.edu.pl/Content/283674/Kt2i.djvu?djvuopts&page=00000088l.djvu;156
c.d.;http://ebuw.uw.edu.pl/Content/283674/Kt2i.djvu?djvuopts&page=00000088r.djvu;157
Compositus;http://ebuw.uw.edu.pl/Content/283674/Kt2i.djvu?djvuopts&page=00000089l.djvu;158
c.d.;http://ebuw.uw.edu.pl/Content/283674/Kt2i.djvu?djvuopts&page=00000089r.djvu;159
Concesso;http://ebuw.uw.edu.pl/Content/283674/Kt2i.djvu?djvuopts&page=00000090l.djvu;160
c.d.;http://ebuw.uw.edu.pl/Content/283674/Kt2i.djvu?djvuopts&page=00000090r.djvu;161
Concordialis;http://ebuw.uw.edu.pl/Content/283674/Kt2i.djvu?djvuopts&page=00000091l.djvu;162
c.d.;http://ebuw.uw.edu.pl/Content/283674/Kt2i.djvu?djvuopts&page=00000091r.djvu;163
Condoleo;http://ebuw.uw.edu.pl/Content/283674/Kt2i.djvu?djvuopts&page=00000092l.djvu;164
c.d.;http://ebuw.uw.edu.pl/Content/283674/Kt2i.djvu?djvuopts&page=00000092r.djvu;165
Conflacceo;http://ebuw.uw.edu.pl/Content/283674/Kt2i.djvu?djvuopts&page=00000093l.djvu;166
c.d.;http://ebuw.uw.edu.pl/Content/283674/Kt2i.djvu?djvuopts&page=00000093r.djvu;167
Congredior;http://ebuw.uw.edu.pl/Content/283674/Kt2i.djvu?djvuopts&page=00000094l.djvu;168
c.d.;http://ebuw.uw.edu.pl/Content/283674/Kt2i.djvu?djvuopts&page=00000094r.djvu;169
Conquiro;http://ebuw.uw.edu.pl/Content/283674/Kt2i.djvu?djvuopts&page=00000095l.djvu;170
c.d.;http://ebuw.uw.edu.pl/Content/283674/Kt2i.djvu?djvuopts&page=00000095r.djvu;171
Consignatio;http://ebuw.uw.edu.pl/Content/283674/Kt2i.djvu?djvuopts&page=00000096l.djvu;172
c.d.;http://ebuw.uw.edu.pl/Content/283674/Kt2i.djvu?djvuopts&page=00000096r.djvu;173
Consterno;http://ebuw.uw.edu.pl/Content/283674/Kt2i.djvu?djvuopts&page=00000097l.djvu;174
c.d.;http://ebuw.uw.edu.pl/Content/283674/Kt2i.djvu?djvuopts&page=00000097r.djvu;175
Contemptibilis;http://ebuw.uw.edu.pl/Content/283674/Kt2i.djvu?djvuopts&page=00000098l.djvu;176
c.d.;http://ebuw.uw.edu.pl/Content/283674/Kt2i.djvu?djvuopts&page=00000098r.djvu;177
Contractio;http://ebuw.uw.edu.pl/Content/283674/Kt2i.djvu?djvuopts&page=00000099l.djvu;178
c.d.;http://ebuw.uw.edu.pl/Content/283674/Kt2i.djvu?djvuopts&page=00000099r.djvu;179
Conventa conditio;http://ebuw.uw.edu.pl/Content/283674/Kt2i.djvu?djvuopts&page=00000100l.djvu;180
c.d.;http://ebuw.uw.edu.pl/Content/283674/Kt2i.djvu?djvuopts&page=00000100r.djvu;181
Coquina;http://ebuw.uw.edu.pl/Content/283674/Kt2i.djvu?djvuopts&page=00000101l.djvu;182
c.d.;http://ebuw.uw.edu.pl/Content/283674/Kt2i.djvu?djvuopts&page=00000101r.djvu;183
Corona castrensis;http://ebuw.uw.edu.pl/Content/283674/Kt2i.djvu?djvuopts&page=00000102l.djvu;184
c.d.;http://ebuw.uw.edu.pl/Content/283674/Kt2i.djvu?djvuopts&page=00000102r.djvu;185
Coryceum;http://ebuw.uw.edu.pl/Content/283674/Kt2i.djvu?djvuopts&page=00000103l.djvu;186
c.d.;http://ebuw.uw.edu.pl/Content/283674/Kt2i.djvu?djvuopts&page=00000103r.djvu;187
Craticulum;http://ebuw.uw.edu.pl/Content/283674/Kt2i.djvu?djvuopts&page=00000104l.djvu;188
c.d.;http://ebuw.uw.edu.pl/Content/283674/Kt2i.djvu?djvuopts&page=00000104r.djvu;189
Criminosa actio;http://ebuw.uw.edu.pl/Content/283674/Kt2i.djvu?djvuopts&page=00000105l.djvu;190
c.d.;http://ebuw.uw.edu.pl/Content/283674/Kt2i.djvu?djvuopts&page=00000105r.djvu;191
Crusta;http://ebuw.uw.edu.pl/Content/283674/Kt2i.djvu?djvuopts&page=00000106l.djvu;192
c.d.;http://ebuw.uw.edu.pl/Content/283674/Kt2i.djvu?djvuopts&page=00000106r.djvu;193
Culeus;http://ebuw.uw.edu.pl/Content/283674/Kt2i.djvu?djvuopts&page=00000107l.djvu;194
c.d.;http://ebuw.uw.edu.pl/Content/283674/Kt2i.djvu?djvuopts&page=00000107r.djvu;195
Cupedia;http://ebuw.uw.edu.pl/Content/283674/Kt2i.djvu?djvuopts&page=00000108l.djvu;196
c.d.;http://ebuw.uw.edu.pl/Content/283674/Kt2i.djvu?djvuopts&page=00000108r.djvu;197
Curtus;http://ebuw.uw.edu.pl/Content/283674/Kt2i.djvu?djvuopts&page=00000109l.djvu;198
c.d.;http://ebuw.uw.edu.pl/Content/283674/Kt2i.djvu?djvuopts&page=00000109r.djvu;199
Cyparissias;http://ebuw.uw.edu.pl/Content/283674/Kt2i.djvu?djvuopts&page=00000110l.djvu;200
c.d.;http://ebuw.uw.edu.pl/Content/283674/Kt2i.djvu?djvuopts&page=00000110r.djvu;201
De aqua rogo;http://ebuw.uw.edu.pl/Content/283674/Kt2i.djvu?djvuopts&page=00000111l.djvu;202
c.d.;http://ebuw.uw.edu.pl/Content/283674/Kt2i.djvu?djvuopts&page=00000111r.djvu;203
Decedite;http://ebuw.uw.edu.pl/Content/283674/Kt2i.djvu?djvuopts&page=00000112l.djvu;204
c.d.;http://ebuw.uw.edu.pl/Content/283674/Kt2i.djvu?djvuopts&page=00000112r.djvu;205
Decoramen;http://ebuw.uw.edu.pl/Content/283674/Kt2i.djvu?djvuopts&page=00000113l.djvu;206
c.d.;http://ebuw.uw.edu.pl/Content/283674/Kt2i.djvu?djvuopts&page=00000113r.djvu;207
Defatigatus;http://ebuw.uw.edu.pl/Content/283674/Kt2i.djvu?djvuopts&page=00000114l.djvu;208
c.d.;http://ebuw.uw.edu.pl/Content/283674/Kt2i.djvu?djvuopts&page=00000114r.djvu;209
Defunctorie;http://ebuw.uw.edu.pl/Content/283674/Kt2i.djvu?djvuopts&page=00000115l.djvu;210
c.d.;http://ebuw.uw.edu.pl/Content/283674/Kt2i.djvu?djvuopts&page=00000115r.djvu;211
Deliberator;http://ebuw.uw.edu.pl/Content/283674/Kt2i.djvu?djvuopts&page=00000116l.djvu;212
c.d.;http://ebuw.uw.edu.pl/Content/283674/Kt2i.djvu?djvuopts&page=00000116r.djvu;213
Demiror;http://ebuw.uw.edu.pl/Content/283674/Kt2i.djvu?djvuopts&page=00000117l.djvu;214
c.d.;http://ebuw.uw.edu.pl/Content/283674/Kt2i.djvu?djvuopts&page=00000117r.djvu;215
Denuo;http://ebuw.uw.edu.pl/Content/283674/Kt2i.djvu?djvuopts&page=00000118l.djvu;216
c.d.;http://ebuw.uw.edu.pl/Content/283674/Kt2i.djvu?djvuopts&page=00000118r.djvu;217
Depromo;http://ebuw.uw.edu.pl/Content/283674/Kt2i.djvu?djvuopts&page=00000119l.djvu;218
c.d.;http://ebuw.uw.edu.pl/Content/283674/Kt2i.djvu?djvuopts&page=00000119r.djvu;219
Designator;http://ebuw.uw.edu.pl/Content/283674/Kt2i.djvu?djvuopts&page=00000120l.djvu;220
c.d.;http://ebuw.uw.edu.pl/Content/283674/Kt2i.djvu?djvuopts&page=00000120r.djvu;221
Detono;http://ebuw.uw.edu.pl/Content/283674/Kt2i.djvu?djvuopts&page=00000121l.djvu;222
c.d.;http://ebuw.uw.edu.pl/Content/283674/Kt2i.djvu?djvuopts&page=00000121r.djvu;223
Dextrationem vocat;http://ebuw.uw.edu.pl/Content/283674/Kt2i.djvu?djvuopts&page=00000122l.djvu;224
c.d.;http://ebuw.uw.edu.pl/Content/283674/Kt2i.djvu?djvuopts&page=00000122r.djvu;225
Dibapha purpura;http://ebuw.uw.edu.pl/Content/283674/Kt2i.djvu?djvuopts&page=00000123l.djvu;226
c.d.;http://ebuw.uw.edu.pl/Content/283674/Kt2i.djvu?djvuopts&page=00000123r.djvu;227
Dies nascens;http://ebuw.uw.edu.pl/Content/283674/Kt2i.djvu?djvuopts&page=00000124l.djvu;228
c.d.;http://ebuw.uw.edu.pl/Content/283674/Kt2i.djvu?djvuopts&page=00000124r.djvu;229
Dignanter;http://ebuw.uw.edu.pl/Content/283674/Kt2i.djvu?djvuopts&page=00000125l.djvu;230
c.d.;http://ebuw.uw.edu.pl/Content/283674/Kt2i.djvu?djvuopts&page=00000125r.djvu;231
Dinumeratio;http://ebuw.uw.edu.pl/Content/283674/Kt2i.djvu?djvuopts&page=00000126l.djvu;232
c.d.;http://ebuw.uw.edu.pl/Content/283674/Kt2i.djvu?djvuopts&page=00000126r.djvu;233
Discerpo;http://ebuw.uw.edu.pl/Content/283674/Kt2i.djvu?djvuopts&page=00000127l.djvu;234
c.d.;http://ebuw.uw.edu.pl/Content/283674/Kt2i.djvu?djvuopts&page=00000127r.djvu;235
Dispectio;http://ebuw.uw.edu.pl/Content/283674/Kt2i.djvu?djvuopts&page=00000128l.djvu;236
c.d.;http://ebuw.uw.edu.pl/Content/283674/Kt2i.djvu?djvuopts&page=00000128r.djvu;237
Dissoluor;http://ebuw.uw.edu.pl/Content/283674/Kt2i.djvu?djvuopts&page=00000129l.djvu;238
c.d.;http://ebuw.uw.edu.pl/Content/283674/Kt2i.djvu?djvuopts&page=00000129r.djvu;239
Diverbero;http://ebuw.uw.edu.pl/Content/283674/Kt2i.djvu?djvuopts&page=00000130l.djvu;240
c.d.;http://ebuw.uw.edu.pl/Content/283674/Kt2i.djvu?djvuopts&page=00000130r.djvu;241
Do locum;http://ebuw.uw.edu.pl/Content/283674/Kt2i.djvu?djvuopts&page=00000131l.djvu;242
c.d.;http://ebuw.uw.edu.pl/Content/283674/Kt2i.djvu?djvuopts&page=00000131r.djvu;243
Domi;http://ebuw.uw.edu.pl/Content/283674/Kt2i.djvu?djvuopts&page=00000132l.djvu;244
c.d.;http://ebuw.uw.edu.pl/Content/283674/Kt2i.djvu?djvuopts&page=00000132r.djvu;245
Dropax;http://ebuw.uw.edu.pl/Content/283674/Kt2i.djvu?djvuopts&page=00000133l.djvu;246
c.d.;http://ebuw.uw.edu.pl/Content/283674/Kt2i.djvu?djvuopts&page=00000133r.djvu;247
Duodecimus;http://ebuw.uw.edu.pl/Content/283674/Kt2i.djvu?djvuopts&page=00000134l.djvu;248
c.d.;http://ebuw.uw.edu.pl/Content/283674/Kt2i.djvu?djvuopts&page=00000134r.djvu;249
E regione;http://ebuw.uw.edu.pl/Content/283674/Kt2i.djvu?djvuopts&page=00000135l.djvu;250
c.d.;http://ebuw.uw.edu.pl/Content/283674/Kt2i.djvu?djvuopts&page=00000135r.djvu;251
Ectypus;http://ebuw.uw.edu.pl/Content/283674/Kt2i.djvu?djvuopts&page=00000136l.djvu;252
c.d.;http://ebuw.uw.edu.pl/Content/283674/Kt2i.djvu?djvuopts&page=00000136r.djvu;253
Effloanimam;http://ebuw.uw.edu.pl/Content/283674/Kt2i.djvu?djvuopts&page=00000137l.djvu;254
c.d.;http://ebuw.uw.edu.pl/Content/283674/Kt2i.djvu?djvuopts&page=00000137r.djvu;255
Elaeodeusium;http://ebuw.uw.edu.pl/Content/283674/Kt2i.djvu?djvuopts&page=00000138l.djvu;256
c.d.;http://ebuw.uw.edu.pl/Content/283674/Kt2i.djvu?djvuopts&page=00000138r.djvu;257
Eluctantium;http://ebuw.uw.edu.pl/Content/283674/Kt2i.djvu?djvuopts&page=00000139l.djvu;258
c.d.;http://ebuw.uw.edu.pl/Content/283674/Kt2i.djvu?djvuopts&page=00000139r.djvu;259
Emissim;http://ebuw.uw.edu.pl/Content/283674/Kt2i.djvu?djvuopts&page=00000140l.djvu;260
c.d.;http://ebuw.uw.edu.pl/Content/283674/Kt2i.djvu?djvuopts&page=00000140r.djvu;261
Encomboma;http://ebuw.uw.edu.pl/Content/283674/Kt2i.djvu?djvuopts&page=00000141l.djvu;262
c.d.;http://ebuw.uw.edu.pl/Content/283674/Kt2i.djvu?djvuopts&page=00000141r.djvu;263
Eone;http://ebuw.uw.edu.pl/Content/283674/Kt2i.djvu?djvuopts&page=00000142l.djvu;264
c.d.;http://ebuw.uw.edu.pl/Content/283674/Kt2i.djvu?djvuopts&page=00000142r.djvu;265
Episcopatus;http://ebuw.uw.edu.pl/Content/283674/Kt2i.djvu?djvuopts&page=00000143l.djvu;266
c.d.;http://ebuw.uw.edu.pl/Content/283674/Kt2i.djvu?djvuopts&page=00000143r.djvu;267
Equulus;http://ebuw.uw.edu.pl/Content/283674/Kt2i.djvu?djvuopts&page=00000144l.djvu;268
c.d.;http://ebuw.uw.edu.pl/Content/283674/Kt2i.djvu?djvuopts&page=00000144r.djvu;269
Eruditus leviter;http://ebuw.uw.edu.pl/Content/283674/Kt2i.djvu?djvuopts&page=00000145l.djvu;270
c.d.;http://ebuw.uw.edu.pl/Content/283674/Kt2i.djvu?djvuopts&page=00000145r.djvu;271
Et quidem;http://ebuw.uw.edu.pl/Content/283674/Kt2i.djvu?djvuopts&page=00000146l.djvu;272
c.d.;http://ebuw.uw.edu.pl/Content/283674/Kt2i.djvu?djvuopts&page=00000146r.djvu;273
Evito;http://ebuw.uw.edu.pl/Content/283674/Kt2i.djvu?djvuopts&page=00000147l.djvu;274
c.d.;http://ebuw.uw.edu.pl/Content/283674/Kt2i.djvu?djvuopts&page=00000147r.djvu;275
Ex renatum;http://ebuw.uw.edu.pl/Content/283674/Kt2i.djvu?djvuopts&page=00000148l.djvu;276
c.d.;http://ebuw.uw.edu.pl/Content/283674/Kt2i.djvu?djvuopts&page=00000148r.djvu;277
Excalceor;http://ebuw.uw.edu.pl/Content/283674/Kt2i.djvu?djvuopts&page=00000149l.djvu;278
c.d.;http://ebuw.uw.edu.pl/Content/283674/Kt2i.djvu?djvuopts&page=00000149r.djvu;279
Excorio;http://ebuw.uw.edu.pl/Content/283674/Kt2i.djvu?djvuopts&page=00000150l.djvu;280
c.d.;http://ebuw.uw.edu.pl/Content/283674/Kt2i.djvu?djvuopts&page=00000150r.djvu;281
Exeunto anno;http://ebuw.uw.edu.pl/Content/283674/Kt2i.djvu?djvuopts&page=00000151l.djvu;282
c.d.;http://ebuw.uw.edu.pl/Content/283674/Kt2i.djvu?djvuopts&page=00000151r.djvu;283
Exorcista;http://ebuw.uw.edu.pl/Content/283674/Kt2i.djvu?djvuopts&page=00000152l.djvu;284
c.d.;http://ebuw.uw.edu.pl/Content/283674/Kt2i.djvu?djvuopts&page=00000152r.djvu;285
Explanabilis;http://ebuw.uw.edu.pl/Content/283674/Kt2i.djvu?djvuopts&page=00000153l.djvu;286
c.d.;http://ebuw.uw.edu.pl/Content/283674/Kt2i.djvu?djvuopts&page=00000153r.djvu;287
Exscensio;http://ebuw.uw.edu.pl/Content/283674/Kt2i.djvu?djvuopts&page=00000154l.djvu;288
c.d.;http://ebuw.uw.edu.pl/Content/283674/Kt2i.djvu?djvuopts&page=00000154r.djvu;289
Exsuccus;http://ebuw.uw.edu.pl/Content/283674/Kt2i.djvu?djvuopts&page=00000155l.djvu;290
c.d.;http://ebuw.uw.edu.pl/Content/283674/Kt2i.djvu?djvuopts&page=00000155r.djvu;291
Extricata margarita;http://ebuw.uw.edu.pl/Content/283674/Kt2i.djvu?djvuopts&page=00000156l.djvu;292
c.d.;http://ebuw.uw.edu.pl/Content/283674/Kt2i.djvu?djvuopts&page=00000156r.djvu;293
Facetus;http://ebuw.uw.edu.pl/Content/283674/Kt2i.djvu?djvuopts&page=00000157l.djvu;294
c.d.;http://ebuw.uw.edu.pl/Content/283674/Kt2i.djvu?djvuopts&page=00000157r.djvu;295
Factionarius;http://ebuw.uw.edu.pl/Content/283674/Kt2i.djvu?djvuopts&page=00000158l.djvu;296
c.d.;http://ebuw.uw.edu.pl/Content/283674/Kt2i.djvu?djvuopts&page=00000158r.djvu;297
Famiger;http://ebuw.uw.edu.pl/Content/283674/Kt2i.djvu?djvuopts&page=00000159l.djvu;298
c.d.;http://ebuw.uw.edu.pl/Content/283674/Kt2i.djvu?djvuopts&page=00000159r.djvu;299
Fastidium;http://ebuw.uw.edu.pl/Content/283674/Kt2i.djvu?djvuopts&page=00000160l.djvu;300
c.d.;http://ebuw.uw.edu.pl/Content/283674/Kt2i.djvu?djvuopts&page=00000160r.djvu;301
Felleus;http://ebuw.uw.edu.pl/Content/283674/Kt2i.djvu?djvuopts&page=00000161l.djvu;302
c.d.;http://ebuw.uw.edu.pl/Content/283674/Kt2i.djvu?djvuopts&page=00000161r.djvu;303
Fero acerbe;http://ebuw.uw.edu.pl/Content/283674/Kt2i.djvu?djvuopts&page=00000162l.djvu;304
c.d.;http://ebuw.uw.edu.pl/Content/283674/Kt2i.djvu?djvuopts&page=00000162r.djvu;305
Fetus;http://ebuw.uw.edu.pl/Content/283674/Kt2i.djvu?djvuopts&page=00000163l.djvu;306
c.d.;http://ebuw.uw.edu.pl/Content/283674/Kt2i.djvu?djvuopts&page=00000163r.djvu;307
Figo leges;http://ebuw.uw.edu.pl/Content/283674/Kt2i.djvu?djvuopts&page=00000164l.djvu;308
c.d.;http://ebuw.uw.edu.pl/Content/283674/Kt2i.djvu?djvuopts&page=00000164r.djvu;309
Flabrum silvifragum;http://ebuw.uw.edu.pl/Content/283674/Kt2i.djvu?djvuopts&page=00000165l.djvu;310
c.d.;http://ebuw.uw.edu.pl/Content/283674/Kt2i.djvu?djvuopts&page=00000165r.djvu;311
Flocculus;http://ebuw.uw.edu.pl/Content/283674/Kt2i.djvu?djvuopts&page=00000166l.djvu;312
c.d.;http://ebuw.uw.edu.pl/Content/283674/Kt2i.djvu?djvuopts&page=00000166r.djvu;313
Foeteo;http://ebuw.uw.edu.pl/Content/283674/Kt2i.djvu?djvuopts&page=00000167l.djvu;314
c.d.;http://ebuw.uw.edu.pl/Content/283674/Kt2i.djvu?djvuopts&page=00000167r.djvu;315
Formulam alicui scribo;http://ebuw.uw.edu.pl/Content/283674/Kt2i.djvu?djvuopts&page=00000168l.djvu;316
c.d.;http://ebuw.uw.edu.pl/Content/283674/Kt2i.djvu?djvuopts&page=00000168r.djvu;317
Frater germanus;http://ebuw.uw.edu.pl/Content/283674/Kt2i.djvu?djvuopts&page=00000169l.djvu;318
c.d.;http://ebuw.uw.edu.pl/Content/283674/Kt2i.djvu?djvuopts&page=00000169r.djvu;319
Frondes aridae;http://ebuw.uw.edu.pl/Content/283674/Kt2i.djvu?djvuopts&page=00000170l.djvu;320
c.d.;http://ebuw.uw.edu.pl/Content/283674/Kt2i.djvu?djvuopts&page=00000170r.djvu;321
Fugiens litium;http://ebuw.uw.edu.pl/Content/283674/Kt2i.djvu?djvuopts&page=00000171l.djvu;322
c.d.;http://ebuw.uw.edu.pl/Content/283674/Kt2i.djvu?djvuopts&page=00000171r.djvu;323
Funesto;http://ebuw.uw.edu.pl/Content/283674/Kt2i.djvu?djvuopts&page=00000172l.djvu;324
c.d.;http://ebuw.uw.edu.pl/Content/283674/Kt2i.djvu?djvuopts&page=00000172r.djvu;325
Futum;http://ebuw.uw.edu.pl/Content/283674/Kt2i.djvu?djvuopts&page=00000173l.djvu;326
c.d.;http://ebuw.uw.edu.pl/Content/283674/Kt2i.djvu?djvuopts&page=00000173r.djvu;327
Garum;http://ebuw.uw.edu.pl/Content/283674/Kt2i.djvu?djvuopts&page=00000174l.djvu;328
c.d.;http://ebuw.uw.edu.pl/Content/283674/Kt2i.djvu?djvuopts&page=00000174r.djvu;329
Genistella;http://ebuw.uw.edu.pl/Content/283674/Kt2i.djvu?djvuopts&page=00000175l.djvu;330
c.d.;http://ebuw.uw.edu.pl/Content/283674/Kt2i.djvu?djvuopts&page=00000175r.djvu;331
Gestatus;http://ebuw.uw.edu.pl/Content/283674/Kt2i.djvu?djvuopts&page=00000176l.djvu;332
c.d.;http://ebuw.uw.edu.pl/Content/283674/Kt2i.djvu?djvuopts&page=00000176r.djvu;333
Globulus;http://ebuw.uw.edu.pl/Content/283674/Kt2i.djvu?djvuopts&page=00000177l.djvu;334
c.d.;http://ebuw.uw.edu.pl/Content/283674/Kt2i.djvu?djvuopts&page=00000177r.djvu;335
Gradus suspensus;http://ebuw.uw.edu.pl/Content/283674/Kt2i.djvu?djvuopts&page=00000178l.djvu;336
c.d.;http://ebuw.uw.edu.pl/Content/283674/Kt2i.djvu?djvuopts&page=00000178r.djvu;337
Gratuito;http://ebuw.uw.edu.pl/Content/283674/Kt2i.djvu?djvuopts&page=00000179l.djvu;338
c.d.;http://ebuw.uw.edu.pl/Content/283674/Kt2i.djvu?djvuopts&page=00000179r.djvu;339
Guttur;http://ebuw.uw.edu.pl/Content/283674/Kt2i.djvu?djvuopts&page=00000180l.djvu;340
c.d.;http://ebuw.uw.edu.pl/Content/283674/Kt2i.djvu?djvuopts&page=00000180r.djvu;341
Hac;http://ebuw.uw.edu.pl/Content/283674/Kt2i.djvu?djvuopts&page=00000181l.djvu;342
c.d.;http://ebuw.uw.edu.pl/Content/283674/Kt2i.djvu?djvuopts&page=00000181r.djvu;343
Haruspica;http://ebuw.uw.edu.pl/Content/283674/Kt2i.djvu?djvuopts&page=00000182l.djvu;344
c.d.;http://ebuw.uw.edu.pl/Content/283674/Kt2i.djvu?djvuopts&page=00000182r.djvu;345
Hemiplexia;http://ebuw.uw.edu.pl/Content/283674/Kt2i.djvu?djvuopts&page=00000183l.djvu;346
c.d.;http://ebuw.uw.edu.pl/Content/283674/Kt2i.djvu?djvuopts&page=00000183r.djvu;347
Hataerissa [Heterissa];http://ebuw.uw.edu.pl/Content/283674/Kt2i.djvu?djvuopts&page=00000184l.djvu;348
c.d.;http://ebuw.uw.edu.pl/Content/283674/Kt2i.djvu?djvuopts&page=00000184r.djvu;349
Hippocomus;http://ebuw.uw.edu.pl/Content/283674/Kt2i.djvu?djvuopts&page=00000185l.djvu;350
c.d.;http://ebuw.uw.edu.pl/Content/283674/Kt2i.djvu?djvuopts&page=00000185r.djvu;351
Homuncio;http://ebuw.uw.edu.pl/Content/283674/Kt2i.djvu?djvuopts&page=00000186l.djvu;352
c.d.;http://ebuw.uw.edu.pl/Content/283674/Kt2i.djvu?djvuopts&page=00000186r.djvu;353
Hostorium;http://ebuw.uw.edu.pl/Content/283674/Kt2i.djvu?djvuopts&page=00000187l.djvu;354
c.d.;http://ebuw.uw.edu.pl/Content/283674/Kt2i.djvu?djvuopts&page=00000187r.djvu;355
Hymnus;http://ebuw.uw.edu.pl/Content/283674/Kt2i.djvu?djvuopts&page=00000188l.djvu;356
c.d.;http://ebuw.uw.edu.pl/Content/283674/Kt2i.djvu?djvuopts&page=00000188r.djvu;357
Iaculum mitto;http://ebuw.uw.edu.pl/Content/283674/Kt2i.djvu?djvuopts&page=00000189l.djvu;358
c.d.;http://ebuw.uw.edu.pl/Content/283674/Kt2i.djvu?djvuopts&page=00000189r.djvu;359
Igitur;http://ebuw.uw.edu.pl/Content/283674/Kt2i.djvu?djvuopts&page=00000190l.djvu;360
c.d.;http://ebuw.uw.edu.pl/Content/283674/Kt2i.djvu?djvuopts&page=00000190r.djvu;361
Illim;http://ebuw.uw.edu.pl/Content/283674/Kt2i.djvu?djvuopts&page=00000191l.djvu;362
c.d.;http://ebuw.uw.edu.pl/Content/283674/Kt2i.djvu?djvuopts&page=00000191r.djvu;363
Immemorabilis;http://ebuw.uw.edu.pl/Content/283674/Kt2i.djvu?djvuopts&page=00000192l.djvu;364
c.d.;http://ebuw.uw.edu.pl/Content/283674/Kt2i.djvu?djvuopts&page=00000192r.djvu;365
Impeccabilitas;http://ebuw.uw.edu.pl/Content/283674/Kt2i.djvu?djvuopts&page=00000193l.djvu;366
c.d.;http://ebuw.uw.edu.pl/Content/283674/Kt2i.djvu?djvuopts&page=00000193r.djvu;367
Impingo;http://ebuw.uw.edu.pl/Content/283674/Kt2i.djvu?djvuopts&page=00000194l.djvu;368
c.d.;http://ebuw.uw.edu.pl/Content/283674/Kt2i.djvu?djvuopts&page=00000194r.djvu;369
Improtectus;http://ebuw.uw.edu.pl/Content/283674/Kt2i.djvu?djvuopts&page=00000195l.djvu;370
c.d.;http://ebuw.uw.edu.pl/Content/283674/Kt2i.djvu?djvuopts&page=00000195r.djvu;371
In commune vocare;http://ebuw.uw.edu.pl/Content/283674/Kt2i.djvu?djvuopts&page=00000196l.djvu;372
c.d.;http://ebuw.uw.edu.pl/Content/283674/Kt2i.djvu?djvuopts&page=00000196r.djvu;373
In noxia sum;http://ebuw.uw.edu.pl/Content/283674/Kt2i.djvu?djvuopts&page=00000197l.djvu;374
c.d.;http://ebuw.uw.edu.pl/Content/283674/Kt2i.djvu?djvuopts&page=00000197r.djvu;375
In turbinem;http://ebuw.uw.edu.pl/Content/283674/Kt2i.djvu?djvuopts&page=00000198l.djvu;376
c.d.;http://ebuw.uw.edu.pl/Content/283674/Kt2i.djvu?djvuopts&page=00000198r.djvu;377
Incanto;http://ebuw.uw.edu.pl/Content/283674/Kt2i.djvu?djvuopts&page=00000199l.djvu;378
c.d.;http://ebuw.uw.edu.pl/Content/283674/Kt2i.djvu?djvuopts&page=00000199r.djvu;379
Incisuram habens;http://ebuw.uw.edu.pl/Content/283674/Kt2i.djvu?djvuopts&page=00000200l.djvu;380
c.d.;http://ebuw.uw.edu.pl/Content/283674/Kt2i.djvu?djvuopts&page=00000200r.djvu;381
Inconsequens;http://ebuw.uw.edu.pl/Content/283674/Kt2i.djvu?djvuopts&page=00000201l.djvu;382
c.d.;http://ebuw.uw.edu.pl/Content/283674/Kt2i.djvu?djvuopts&page=00000201r.djvu;383
Incursitatio;http://ebuw.uw.edu.pl/Content/283674/Kt2i.djvu?djvuopts&page=00000202l.djvu;384
c.d.;http://ebuw.uw.edu.pl/Content/283674/Kt2i.djvu?djvuopts&page=00000202r.djvu;385
Indigne fero;http://ebuw.uw.edu.pl/Content/283674/Kt2i.djvu?djvuopts&page=00000203l.djvu;386
c.d.;http://ebuw.uw.edu.pl/Content/283674/Kt2i.djvu?djvuopts&page=00000203r.djvu;387
Indusium;http://ebuw.uw.edu.pl/Content/283674/Kt2i.djvu?djvuopts&page=00000204l.djvu;388
c.d.;http://ebuw.uw.edu.pl/Content/283674/Kt2i.djvu?djvuopts&page=00000204r.djvu;389
Infandum;http://ebuw.uw.edu.pl/Content/283674/Kt2i.djvu?djvuopts&page=00000205l.djvu;390
c.d.;http://ebuw.uw.edu.pl/Content/283674/Kt2i.djvu?djvuopts&page=00000205r.djvu;391
Infirme;http://ebuw.uw.edu.pl/Content/283674/Kt2i.djvu?djvuopts&page=00000206l.djvu;392
c.d.;http://ebuw.uw.edu.pl/Content/283674/Kt2i.djvu?djvuopts&page=00000206r.djvu;393
Ingenerasco;http://ebuw.uw.edu.pl/Content/283674/Kt2i.djvu?djvuopts&page=00000207l.djvu;394
c.d.;http://ebuw.uw.edu.pl/Content/283674/Kt2i.djvu?djvuopts&page=00000207r.djvu;395
Inimicitia;http://ebuw.uw.edu.pl/Content/283674/Kt2i.djvu?djvuopts&page=00000208l.djvu;396
c.d.;http://ebuw.uw.edu.pl/Content/283674/Kt2i.djvu?djvuopts&page=00000208r.djvu;397
Inoffense;http://ebuw.uw.edu.pl/Content/283674/Kt2i.djvu?djvuopts&page=00000209l.djvu;398
c.d.;http://ebuw.uw.edu.pl/Content/283674/Kt2i.djvu?djvuopts&page=00000209r.djvu;399
Inseparabilis;http://ebuw.uw.edu.pl/Content/283674/Kt2i.djvu?djvuopts&page=00000210l.djvu;400
c.d.;http://ebuw.uw.edu.pl/Content/283674/Kt2i.djvu?djvuopts&page=00000210r.djvu;401
Insos;http://ebuw.uw.edu.pl/Content/283674/Kt2i.djvu?djvuopts&page=00000211l.djvu;402
c.d.;http://ebuw.uw.edu.pl/Content/283674/Kt2i.djvu?djvuopts&page=00000211r.djvu;403
Insularius;http://ebuw.uw.edu.pl/Content/283674/Kt2i.djvu?djvuopts&page=00000212l.djvu;404
c.d.;http://ebuw.uw.edu.pl/Content/283674/Kt2i.djvu?djvuopts&page=00000212r.djvu;405
Inter;http://ebuw.uw.edu.pl/Content/283674/Kt2i.djvu?djvuopts&page=00000213l.djvu;406
c.d.;http://ebuw.uw.edu.pl/Content/283674/Kt2i.djvu?djvuopts&page=00000213r.djvu;407
Interiecto spatio;http://ebuw.uw.edu.pl/Content/283674/Kt2i.djvu?djvuopts&page=00000214l.djvu;408
c.d.;http://ebuw.uw.edu.pl/Content/283674/Kt2i.djvu?djvuopts&page=00000214r.djvu;409
Interrasilis;http://ebuw.uw.edu.pl/Content/283674/Kt2i.djvu?djvuopts&page=00000215l.djvu;410
c.d.;http://ebuw.uw.edu.pl/Content/283674/Kt2i.djvu?djvuopts&page=00000215r.djvu;411
Intorqueo;http://ebuw.uw.edu.pl/Content/283674/Kt2i.djvu?djvuopts&page=00000216l.djvu;412
c.d.;http://ebuw.uw.edu.pl/Content/283674/Kt2i.djvu?djvuopts&page=00000216r.djvu;413
Investigatio;http://ebuw.uw.edu.pl/Content/283674/Kt2i.djvu?djvuopts&page=00000217l.djvu;414
c.d.;http://ebuw.uw.edu.pl/Content/283674/Kt2i.djvu?djvuopts&page=00000217r.djvu;415
Ioculator;http://ebuw.uw.edu.pl/Content/283674/Kt2i.djvu?djvuopts&page=00000218l.djvu;416
c.d.;http://ebuw.uw.edu.pl/Content/283674/Kt2i.djvu?djvuopts&page=00000218r.djvu;417
Irrogo mihi mortem;http://ebuw.uw.edu.pl/Content/283674/Kt2i.djvu?djvuopts&page=00000219l.djvu;418
c.d.;http://ebuw.uw.edu.pl/Content/283674/Kt2i.djvu?djvuopts&page=00000219r.djvu;420
Iudicium;http://ebuw.uw.edu.pl/Content/283674/Kt2i.djvu?djvuopts&page=00000220l.djvu;420
c.d.;http://ebuw.uw.edu.pl/Content/283674/Kt2i.djvu?djvuopts&page=00000220r.djvu;421
Iuris coctior;http://ebuw.uw.edu.pl/Content/283674/Kt2i.djvu?djvuopts&page=00000221l.djvu;422
c.d.;http://ebuw.uw.edu.pl/Content/283674/Kt2i.djvu?djvuopts&page=00000221r.djvu;423
Labor;http://ebuw.uw.edu.pl/Content/283674/Kt2i.djvu?djvuopts&page=00000222l.djvu;424
c.d.;http://ebuw.uw.edu.pl/Content/283674/Kt2i.djvu?djvuopts&page=00000222r.djvu;425
Lactuca sylvestris;http://ebuw.uw.edu.pl/Content/283674/Kt2i.djvu?djvuopts&page=00000223l.djvu;426
c.d.;http://ebuw.uw.edu.pl/Content/283674/Kt2i.djvu?djvuopts&page=00000223r.djvu;427
Lancearius;http://ebuw.uw.edu.pl/Content/283674/Kt2i.djvu?djvuopts&page=00000224l.djvu;428
c.d.;http://ebuw.uw.edu.pl/Content/283674/Kt2i.djvu?djvuopts&page=00000224r.djvu;429
Largifluus;http://ebuw.uw.edu.pl/Content/283674/Kt2i.djvu?djvuopts&page=00000225l.djvu;430
c.d.;http://ebuw.uw.edu.pl/Content/283674/Kt2i.djvu?djvuopts&page=00000225r.djvu;431
Laudator;http://ebuw.uw.edu.pl/Content/283674/Kt2i.djvu?djvuopts&page=00000226l.djvu;432
c.d.;http://ebuw.uw.edu.pl/Content/283674/Kt2i.djvu?djvuopts&page=00000226r.djvu;433
Lego sermonem;http://ebuw.uw.edu.pl/Content/283674/Kt2i.djvu?djvuopts&page=00000227l.djvu;434
c.d.;http://ebuw.uw.edu.pl/Content/283674/Kt2i.djvu?djvuopts&page=00000227r.djvu;435
Leucopetalos;http://ebuw.uw.edu.pl/Content/283674/Kt2i.djvu?djvuopts&page=00000228l.djvu;436
c.d.;http://ebuw.uw.edu.pl/Content/283674/Kt2i.djvu?djvuopts&page=00000228r.djvu;437
Libramentum palpebrarum;http://ebuw.uw.edu.pl/Content/283674/Kt2i.djvu?djvuopts&page=00000229l.djvu;438
c.d.;http://ebuw.uw.edu.pl/Content/283674/Kt2i.djvu?djvuopts&page=00000229r.djvu;439
Limis;http://ebuw.uw.edu.pl/Content/283674/Kt2i.djvu?djvuopts&page=00000230l.djvu;440
c.d.;http://ebuw.uw.edu.pl/Content/283674/Kt2i.djvu?djvuopts&page=00000230r.djvu;441
Liquatio;http://ebuw.uw.edu.pl/Content/283674/Kt2i.djvu?djvuopts&page=00000231l.djvu;442
c.d.;http://ebuw.uw.edu.pl/Content/283674/Kt2i.djvu?djvuopts&page=00000231r.djvu;443
Localis;http://ebuw.uw.edu.pl/Content/283674/Kt2i.djvu?djvuopts&page=00000232l.djvu;444
c.d.;http://ebuw.uw.edu.pl/Content/283674/Kt2i.djvu?djvuopts&page=00000232r.djvu;445
Lorarius;http://ebuw.uw.edu.pl/Content/283674/Kt2i.djvu?djvuopts&page=00000233l.djvu;446
c.d.;http://ebuw.uw.edu.pl/Content/283674/Kt2i.djvu?djvuopts&page=00000233r.djvu;447
Ludibundus;http://ebuw.uw.edu.pl/Content/283674/Kt2i.djvu?djvuopts&page=00000234l.djvu;448
c.d.;http://ebuw.uw.edu.pl/Content/283674/Kt2i.djvu?djvuopts&page=00000234r.djvu;449
Lustra solis;http://ebuw.uw.edu.pl/Content/283674/Kt2i.djvu?djvuopts&page=00000235l.djvu;450
c.d.;http://ebuw.uw.edu.pl/Content/283674/Kt2i.djvu?djvuopts&page=00000235r.djvu;451
Maceo;http://ebuw.uw.edu.pl/Content/283674/Kt2i.djvu?djvuopts&page=00000236l.djvu;452
c.d.;http://ebuw.uw.edu.pl/Content/283674/Kt2i.djvu?djvuopts&page=00000236r.djvu;453
Maeror;http://ebuw.uw.edu.pl/Content/283674/Kt2i.djvu?djvuopts&page=00000237l.djvu;454
c.d.;http://ebuw.uw.edu.pl/Content/283674/Kt2i.djvu?djvuopts&page=00000237r.djvu;455
Mala crux;http://ebuw.uw.edu.pl/Content/283674/Kt2i.djvu?djvuopts&page=00000238l.djvu;456
c.d.;http://ebuw.uw.edu.pl/Content/283674/Kt2i.djvu?djvuopts&page=00000238r.djvu;457
Malum struthium;http://ebuw.uw.edu.pl/Content/283674/Kt2i.djvu?djvuopts&page=00000239l.djvu;458
c.d.;http://ebuw.uw.edu.pl/Content/283674/Kt2i.djvu?djvuopts&page=00000239r.djvu;459
Manipulares;http://ebuw.uw.edu.pl/Content/283674/Kt2i.djvu?djvuopts&page=00000240l.djvu;460
c.d.;http://ebuw.uw.edu.pl/Content/283674/Kt2i.djvu?djvuopts&page=00000240r.djvu;461
Mappula;http://ebuw.uw.edu.pl/Content/283674/Kt2i.djvu?djvuopts&page=00000241l.djvu;462
c.d.;http://ebuw.uw.edu.pl/Content/283674/Kt2i.djvu?djvuopts&page=00000241r.djvu;463
Mastix;http://ebuw.uw.edu.pl/Content/283674/Kt2i.djvu?djvuopts&page=00000242l.djvu;464
c.d.;http://ebuw.uw.edu.pl/Content/283674/Kt2i.djvu?djvuopts&page=00000242r.djvu;465
Mea sponte;http://ebuw.uw.edu.pl/Content/283674/Kt2i.djvu?djvuopts&page=00000243l.djvu;466
c.d.;http://ebuw.uw.edu.pl/Content/283674/Kt2i.djvu?djvuopts&page=00000243r.djvu;467
Mel anthinum;http://ebuw.uw.edu.pl/Content/283674/Kt2i.djvu?djvuopts&page=00000244l.djvu;468
c.d.;http://ebuw.uw.edu.pl/Content/283674/Kt2i.djvu?djvuopts&page=00000244r.djvu;469
Membraneus;http://ebuw.uw.edu.pl/Content/283674/Kt2i.djvu?djvuopts&page=00000245l.djvu;470
c.d.;http://ebuw.uw.edu.pl/Content/283674/Kt2i.djvu?djvuopts&page=00000245r.djvu;471
Mephiticus;http://ebuw.uw.edu.pl/Content/283674/Kt2i.djvu?djvuopts&page=00000246l.djvu;472
c.d.;http://ebuw.uw.edu.pl/Content/283674/Kt2i.djvu?djvuopts&page=00000246r.djvu;473
Metabole;http://ebuw.uw.edu.pl/Content/283674/Kt2i.djvu?djvuopts&page=00000247l.djvu;474
c.d.;http://ebuw.uw.edu.pl/Content/283674/Kt2i.djvu?djvuopts&page=00000247r.djvu;475
Militiae;http://ebuw.uw.edu.pl/Content/283674/Kt2i.djvu?djvuopts&page=00000248l.djvu;476
c.d.;http://ebuw.uw.edu.pl/Content/283674/Kt2i.djvu?djvuopts&page=00000248r.djvu;477
Minus intelligis;http://ebuw.uw.edu.pl/Content/283674/Kt2i.djvu?djvuopts&page=00000249l.djvu;478
c.d.;http://ebuw.uw.edu.pl/Content/283674/Kt2i.djvu?djvuopts&page=00000249r.djvu;479
Mitto circa;http://ebuw.uw.edu.pl/Content/283674/Kt2i.djvu?djvuopts&page=00000250l.djvu;480
c.d.;http://ebuw.uw.edu.pl/Content/283674/Kt2i.djvu?djvuopts&page=00000250r.djvu;481
Moene;http://ebuw.uw.edu.pl/Content/283674/Kt2i.djvu?djvuopts&page=00000251l.djvu;482
c.d.;http://ebuw.uw.edu.pl/Content/283674/Kt2i.djvu?djvuopts&page=00000251r.djvu;483
Momus;http://ebuw.uw.edu.pl/Content/283674/Kt2i.djvu?djvuopts&page=00000252l.djvu;484
c.d.;http://ebuw.uw.edu.pl/Content/283674/Kt2i.djvu?djvuopts&page=00000252r.djvu;485
Moratorius;http://ebuw.uw.edu.pl/Content/283674/Kt2i.djvu?djvuopts&page=00000253l.djvu;486
c.d.;http://ebuw.uw.edu.pl/Content/283674/Kt2i.djvu?djvuopts&page=00000253r.djvu;487
Mosculus;http://ebuw.uw.edu.pl/Content/283674/Kt2i.djvu?djvuopts&page=00000254l.djvu;488
c.d.;http://ebuw.uw.edu.pl/Content/283674/Kt2i.djvu?djvuopts&page=00000254r.djvu;489
Multi;http://ebuw.uw.edu.pl/Content/283674/Kt2i.djvu?djvuopts&page=00000255l.djvu;490
c.d.;http://ebuw.uw.edu.pl/Content/283674/Kt2i.djvu?djvuopts&page=00000255r.djvu;491
Munus iugalo;http://ebuw.uw.edu.pl/Content/283674/Kt2i.djvu?djvuopts&page=00000256l.djvu;492
c.d.;http://ebuw.uw.edu.pl/Content/283674/Kt2i.djvu?djvuopts&page=00000256r.djvu;493
Mutabilis;http://ebuw.uw.edu.pl/Content/283674/Kt2i.djvu?djvuopts&page=00000257l.djvu;494
c.d.;http://ebuw.uw.edu.pl/Content/283674/Kt2i.djvu?djvuopts&page=00000257r.djvu;495
Mythistoricus;http://ebuw.uw.edu.pl/Content/283674/Kt2i.djvu?djvuopts&page=00000258l.djvu;496
c.d.;http://ebuw.uw.edu.pl/Content/283674/Kt2i.djvu?djvuopts&page=00000258r.djvu;497
Natta;http://ebuw.uw.edu.pl/Content/283674/Kt2i.djvu?djvuopts&page=00000259l.djvu;498
c.d.;http://ebuw.uw.edu.pl/Content/283674/Kt2i.djvu?djvuopts&page=00000259r.djvu;499
Ne comparandus quidem;http://ebuw.uw.edu.pl/Content/283674/Kt2i.djvu?djvuopts&page=00000260l.djvu;500
c.d.;http://ebuw.uw.edu.pl/Content/283674/Kt2i.djvu?djvuopts&page=00000260r.djvu;501
Negotium;http://ebuw.uw.edu.pl/Content/283674/Kt2i.djvu?djvuopts&page=00000261l.djvu;502
c.d.;http://ebuw.uw.edu.pl/Content/283674/Kt2i.djvu?djvuopts&page=00000261r.djvu;503
Nexum ineo;http://ebuw.uw.edu.pl/Content/283674/Kt2i.djvu?djvuopts&page=00000262l.djvu;504
c.d.;http://ebuw.uw.edu.pl/Content/283674/Kt2i.djvu?djvuopts&page=00000262r.djvu;505
Nitorem induco;http://ebuw.uw.edu.pl/Content/283674/Kt2i.djvu?djvuopts&page=00000263l.djvu;506
c.d.;http://ebuw.uw.edu.pl/Content/283674/Kt2i.djvu?djvuopts&page=00000263r.djvu;507
Nominis sui;http://ebuw.uw.edu.pl/Content/283674/Kt2i.djvu?djvuopts&page=00000264l.djvu;508
c.d.;http://ebuw.uw.edu.pl/Content/283674/Kt2i.djvu?djvuopts&page=00000264r.djvu;509
Nonnusquam;http://ebuw.uw.edu.pl/Content/283674/Kt2i.djvu?djvuopts&page=00000265l.djvu;510
c.d.;http://ebuw.uw.edu.pl/Content/283674/Kt2i.djvu?djvuopts&page=00000265r.djvu;511
Noxa ignoscibilis;http://ebuw.uw.edu.pl/Content/283674/Kt2i.djvu?djvuopts&page=00000266l.djvu;512
c.d.;http://ebuw.uw.edu.pl/Content/283674/Kt2i.djvu?djvuopts&page=00000266r.djvu;513
Numerose;http://ebuw.uw.edu.pl/Content/283674/Kt2i.djvu?djvuopts&page=00000267l.djvu;514
c.d.;http://ebuw.uw.edu.pl/Content/283674/Kt2i.djvu?djvuopts&page=00000267r.djvu;515
Nycticorax;http://ebuw.uw.edu.pl/Content/283674/Kt2i.djvu?djvuopts&page=00000268l.djvu;516
c.d.;http://ebuw.uw.edu.pl/Content/283674/Kt2i.djvu?djvuopts&page=00000268r.djvu;517
Obiurgator;http://ebuw.uw.edu.pl/Content/283674/Kt2i.djvu?djvuopts&page=00000269l.djvu;518
c.d.;http://ebuw.uw.edu.pl/Content/283674/Kt2i.djvu?djvuopts&page=00000269r.djvu;519
Obretio;http://ebuw.uw.edu.pl/Content/283674/Kt2i.djvu?djvuopts&page=00000270l.djvu;520
c.d.;http://ebuw.uw.edu.pl/Content/283674/Kt2i.djvu?djvuopts&page=00000270r.djvu;521
Obstipus;http://ebuw.uw.edu.pl/Content/283674/Kt2i.djvu?djvuopts&page=00000271l.djvu;522
c.d.;http://ebuw.uw.edu.pl/Content/283674/Kt2i.djvu?djvuopts&page=00000271r.djvu;523
Obviam;http://ebuw.uw.edu.pl/Content/283674/Kt2i.djvu?djvuopts&page=00000272l.djvu;524
c.d.;http://ebuw.uw.edu.pl/Content/283674/Kt2i.djvu?djvuopts&page=00000272r.djvu;525
Ocquinisco;http://ebuw.uw.edu.pl/Content/283674/Kt2i.djvu?djvuopts&page=00000273l.djvu;526
c.d.;http://ebuw.uw.edu.pl/Content/283674/Kt2i.djvu?djvuopts&page=00000273r.djvu;527
Odorisequus;http://ebuw.uw.edu.pl/Content/283674/Kt2i.djvu?djvuopts&page=00000274l.djvu;528
c.d.;http://ebuw.uw.edu.pl/Content/283674/Kt2i.djvu?djvuopts&page=00000274r.djvu;529
Ohe;http://ebuw.uw.edu.pl/Content/283674/Kt2i.djvu?djvuopts&page=00000275l.djvu;530
c.d.;http://ebuw.uw.edu.pl/Content/283674/Kt2i.djvu?djvuopts&page=00000275r.djvu;531
Omnicolor;http://ebuw.uw.edu.pl/Content/283674/Kt2i.djvu?djvuopts&page=00000276l.djvu;532
c.d.;http://ebuw.uw.edu.pl/Content/283674/Kt2i.djvu?djvuopts&page=00000276r.djvu;533
Operto capite;http://ebuw.uw.edu.pl/Content/283674/Kt2i.djvu?djvuopts&page=00000277l.djvu;534
c.d.;http://ebuw.uw.edu.pl/Content/283674/Kt2i.djvu?djvuopts&page=00000277r.djvu;535
Opprobrium;http://ebuw.uw.edu.pl/Content/283674/Kt2i.djvu?djvuopts&page=00000278l.djvu;536
c.d.;http://ebuw.uw.edu.pl/Content/283674/Kt2i.djvu?djvuopts&page=00000278r.djvu;537
Orbo;http://ebuw.uw.edu.pl/Content/283674/Kt2i.djvu?djvuopts&page=00000279l.djvu;538
c.d.;http://ebuw.uw.edu.pl/Content/283674/Kt2i.djvu?djvuopts&page=00000279r.djvu;539
Orsa;http://ebuw.uw.edu.pl/Content/283674/Kt2i.djvu?djvuopts&page=00000280l.djvu;540
c.d.;http://ebuw.uw.edu.pl/Content/283674/Kt2i.djvu?djvuopts&page=00000280r.djvu;541
Otium ago;http://ebuw.uw.edu.pl/Content/283674/Kt2i.djvu?djvuopts&page=00000281l.djvu;542
c.d.;http://ebuw.uw.edu.pl/Content/283674/Kt2i.djvu?djvuopts&page=00000281r.djvu;543
Paenissime;http://ebuw.uw.edu.pl/Content/283674/Kt2i.djvu?djvuopts&page=00000282l.djvu;544
c.d.;http://ebuw.uw.edu.pl/Content/283674/Kt2i.djvu?djvuopts&page=00000282r.djvu;545
Palmos;http://ebuw.uw.edu.pl/Content/283674/Kt2i.djvu?djvuopts&page=00000283l.djvu;546
c.d.;http://ebuw.uw.edu.pl/Content/283674/Kt2i.djvu?djvuopts&page=00000283r.djvu;547
Panis Marci;http://ebuw.uw.edu.pl/Content/283674/Kt2i.djvu?djvuopts&page=00000284l.djvu;548
c.d.;http://ebuw.uw.edu.pl/Content/283674/Kt2i.djvu?djvuopts&page=00000284r.djvu;549
Paramese;http://ebuw.uw.edu.pl/Content/283674/Kt2i.djvu?djvuopts&page=00000285l.djvu;550
c.d.;http://ebuw.uw.edu.pl/Content/283674/Kt2i.djvu?djvuopts&page=00000285r.djvu;551
Paries;http://ebuw.uw.edu.pl/Content/283674/Kt2i.djvu?djvuopts&page=00000286l.djvu;552
c.d.;http://ebuw.uw.edu.pl/Content/283674/Kt2i.djvu?djvuopts&page=00000286r.djvu;553
Partitudo;http://ebuw.uw.edu.pl/Content/283674/Kt2i.djvu?djvuopts&page=00000287l.djvu;554
c.d.;http://ebuw.uw.edu.pl/Content/283674/Kt2i.djvu?djvuopts&page=00000287r.djvu;555
Patagiatus;http://ebuw.uw.edu.pl/Content/283674/Kt2i.djvu?djvuopts&page=00000288l.djvu;556
c.d.;http://ebuw.uw.edu.pl/Content/283674/Kt2i.djvu?djvuopts&page=00000288r.djvu;557
Pavefio [pavesco];http://ebuw.uw.edu.pl/Content/283674/Kt2i.djvu?djvuopts&page=00000289l.djvu;558
c.d.;http://ebuw.uw.edu.pl/Content/283674/Kt2i.djvu?djvuopts&page=00000289r.djvu;559
Pedagium;http://ebuw.uw.edu.pl/Content/283674/Kt2i.djvu?djvuopts&page=00000290l.djvu;560
c.d.;http://ebuw.uw.edu.pl/Content/283674/Kt2i.djvu?djvuopts&page=00000290r.djvu;561
Pendens;http://ebuw.uw.edu.pl/Content/283674/Kt2i.djvu?djvuopts&page=00000291l.djvu;562
c.d.;http://ebuw.uw.edu.pl/Content/283674/Kt2i.djvu?djvuopts&page=00000291r.djvu;563
Peplus;http://ebuw.uw.edu.pl/Content/283674/Kt2i.djvu?djvuopts&page=00000292l.djvu;564
c.d.;http://ebuw.uw.edu.pl/Content/283674/Kt2i.djvu?djvuopts&page=00000292r.djvu;565
Peramo;http://ebuw.uw.edu.pl/Content/283674/Kt2i.djvu?djvuopts&page=00000293l.djvu;566
c.d.;http://ebuw.uw.edu.pl/Content/283674/Kt2i.djvu?djvuopts&page=00000293r.djvu;567
Perdo;http://ebuw.uw.edu.pl/Content/283674/Kt2i.djvu?djvuopts&page=00000294l.djvu;568
c.d.;http://ebuw.uw.edu.pl/Content/283674/Kt2i.djvu?djvuopts&page=00000294r.djvu;569
Perfrictio;http://ebuw.uw.edu.pl/Content/283674/Kt2i.djvu?djvuopts&page=00000295l.djvu;570
c.d.;http://ebuw.uw.edu.pl/Content/283674/Kt2i.djvu?djvuopts&page=00000295r.djvu;571
Periuro;http://ebuw.uw.edu.pl/Content/283674/Kt2i.djvu?djvuopts&page=00000296l.djvu;572
c.d.;http://ebuw.uw.edu.pl/Content/283674/Kt2i.djvu?djvuopts&page=00000296r.djvu;573
Perobscurus;http://ebuw.uw.edu.pl/Content/283674/Kt2i.djvu?djvuopts&page=00000297l.djvu;574
c.d.;http://ebuw.uw.edu.pl/Content/283674/Kt2i.djvu?djvuopts&page=00000297r.djvu;575
Persedere;http://ebuw.uw.edu.pl/Content/283674/Kt2i.djvu?djvuopts&page=00000298l.djvu;576
c.d.;http://ebuw.uw.edu.pl/Content/283674/Kt2i.djvu?djvuopts&page=00000298r.djvu;577
Pertolero;http://ebuw.uw.edu.pl/Content/283674/Kt2i.djvu?djvuopts&page=00000299l.djvu;578
c.d.;http://ebuw.uw.edu.pl/Content/283674/Kt2i.djvu?djvuopts&page=00000299r.djvu;579
Pestilentia;http://ebuw.uw.edu.pl/Content/283674/Kt2i.djvu?djvuopts&page=00000300l.djvu;580
c.d.;http://ebuw.uw.edu.pl/Content/283674/Kt2i.djvu?djvuopts&page=00000300r.djvu;581
Phalius;http://ebuw.uw.edu.pl/Content/283674/Kt2i.djvu?djvuopts&page=00000301l.djvu;582
c.d.;http://ebuw.uw.edu.pl/Content/283674/Kt2i.djvu?djvuopts&page=00000301r.djvu;583
Phrynion;http://ebuw.uw.edu.pl/Content/283674/Kt2i.djvu?djvuopts&page=00000302l.djvu;584
c.d.;http://ebuw.uw.edu.pl/Content/283674/Kt2i.djvu?djvuopts&page=00000302r.djvu;585
Pilaris;http://ebuw.uw.edu.pl/Content/283674/Kt2i.djvu?djvuopts&page=00000303l.djvu;586
c.d.;http://ebuw.uw.edu.pl/Content/283674/Kt2i.djvu?djvuopts&page=00000303r.djvu;587
Pisito;http://ebuw.uw.edu.pl/Content/283674/Kt2i.djvu?djvuopts&page=00000304l.djvu;588
c.d.;http://ebuw.uw.edu.pl/Content/283674/Kt2i.djvu?djvuopts&page=00000304r.djvu;589
Plagula;http://ebuw.uw.edu.pl/Content/283674/Kt2i.djvu?djvuopts&page=00000305l.djvu;590
c.d.;http://ebuw.uw.edu.pl/Content/283674/Kt2i.djvu?djvuopts&page=00000305r.djvu;591
Plerung[ue] noctis;http://ebuw.uw.edu.pl/Content/283674/Kt2i.djvu?djvuopts&page=00000306l.djvu;592
c.d.;http://ebuw.uw.edu.pl/Content/283674/Kt2i.djvu?djvuopts&page=00000306r.djvu;593
Poena;http://ebuw.uw.edu.pl/Content/283674/Kt2i.djvu?djvuopts&page=00000307l.djvu;594
c.d.;http://ebuw.uw.edu.pl/Content/283674/Kt2i.djvu?djvuopts&page=00000307r.djvu;595
Polygonia;http://ebuw.uw.edu.pl/Content/283674/Kt2i.djvu?djvuopts&page=00000308l.djvu;596
c.d.;http://ebuw.uw.edu.pl/Content/283674/Kt2i.djvu?djvuopts&page=00000308r.djvu;597
Poppysmus;http://ebuw.uw.edu.pl/Content/283674/Kt2i.djvu?djvuopts&page=00000309l.djvu;598
c.d.;http://ebuw.uw.edu.pl/Content/283674/Kt2i.djvu?djvuopts&page=00000309r.djvu;599
Positiva theologia;http://ebuw.uw.edu.pl/Content/283674/Kt2i.djvu?djvuopts&page=00000310l.djvu;600
c.d.;http://ebuw.uw.edu.pl/Content/283674/Kt2i.djvu?djvuopts&page=00000310r.djvu;601
Potest;http://ebuw.uw.edu.pl/Content/283674/Kt2i.djvu?djvuopts&page=00000311l.djvu;602
c.d.;http://ebuw.uw.edu.pl/Content/283674/Kt2i.djvu?djvuopts&page=00000311r.djvu;603
Praecipitans;http://ebuw.uw.edu.pl/Content/283674/Kt2i.djvu?djvuopts&page=00000312l.djvu;604
c.d.;http://ebuw.uw.edu.pl/Content/283674/Kt2i.djvu?djvuopts&page=00000312r.djvu;605
Praedonulus;http://ebuw.uw.edu.pl/Content/283674/Kt2i.djvu?djvuopts&page=00000313l.djvu;606
c.d.;http://ebuw.uw.edu.pl/Content/283674/Kt2i.djvu?djvuopts&page=00000313r.djvu;607
Praeludo;http://ebuw.uw.edu.pl/Content/283674/Kt2i.djvu?djvuopts&page=00000314l.djvu;608
c.d.;http://ebuw.uw.edu.pl/Content/283674/Kt2i.djvu?djvuopts&page=00000314r.djvu;609
Praeproperus;http://ebuw.uw.edu.pl/Content/283674/Kt2i.djvu?djvuopts&page=00000315l.djvu;610
c.d.;http://ebuw.uw.edu.pl/Content/283674/Kt2i.djvu?djvuopts&page=00000315r.djvu;611
Praestigiatrix;http://ebuw.uw.edu.pl/Content/283674/Kt2i.djvu?djvuopts&page=00000316l.djvu;612
c.d.;http://ebuw.uw.edu.pl/Content/283674/Kt2i.djvu?djvuopts&page=00000316r.djvu;613
Praetoritius;http://ebuw.uw.edu.pl/Content/283674/Kt2i.djvu?djvuopts&page=00000317l.djvu;614
c.d.;http://ebuw.uw.edu.pl/Content/283674/Kt2i.djvu?djvuopts&page=00000317r.djvu;615
Presse;http://ebuw.uw.edu.pl/Content/283674/Kt2i.djvu?djvuopts&page=00000318l.djvu;616
c.d.;http://ebuw.uw.edu.pl/Content/283674/Kt2i.djvu?djvuopts&page=00000318r.djvu;617
Pristis;http://ebuw.uw.edu.pl/Content/283674/Kt2i.djvu?djvuopts&page=00000319l.djvu;618
c.d.;http://ebuw.uw.edu.pl/Content/283674/Kt2i.djvu?djvuopts&page=00000319r.djvu;619
Procacitas;http://ebuw.uw.edu.pl/Content/283674/Kt2i.djvu?djvuopts&page=00000320l.djvu;620
c.d.;http://ebuw.uw.edu.pl/Content/283674/Kt2i.djvu?djvuopts&page=00000320r.djvu;621
Prodigium;http://ebuw.uw.edu.pl/Content/283674/Kt2i.djvu?djvuopts&page=00000321l.djvu;622
c.d.;http://ebuw.uw.edu.pl/Content/283674/Kt2i.djvu?djvuopts&page=00000321r.djvu;623
Progermino;http://ebuw.uw.edu.pl/Content/283674/Kt2i.djvu?djvuopts&page=00000322l.djvu;624
c.d.;http://ebuw.uw.edu.pl/Content/283674/Kt2i.djvu?djvuopts&page=00000322r.djvu;625
Promiscuus;http://ebuw.uw.edu.pl/Content/283674/Kt2i.djvu?djvuopts&page=00000323l.djvu;626
c.d.;http://ebuw.uw.edu.pl/Content/283674/Kt2i.djvu?djvuopts&page=00000323r.djvu;627
Propes;http://ebuw.uw.edu.pl/Content/283674/Kt2i.djvu?djvuopts&page=00000324l.djvu;628
c.d.;http://ebuw.uw.edu.pl/Content/283674/Kt2i.djvu?djvuopts&page=00000324r.djvu;629
Prosaica oratio;http://ebuw.uw.edu.pl/Content/283674/Kt2i.djvu?djvuopts&page=00000325l.djvu;630
c.d.;http://ebuw.uw.edu.pl/Content/283674/Kt2i.djvu?djvuopts&page=00000325r.djvu;631
Proterreo;http://ebuw.uw.edu.pl/Content/283674/Kt2i.djvu?djvuopts&page=00000326l.djvu;632
c.d.;http://ebuw.uw.edu.pl/Content/283674/Kt2i.djvu?djvuopts&page=00000326r.djvu;633
Prudentia;http://ebuw.uw.edu.pl/Content/283674/Kt2i.djvu?djvuopts&page=00000327l.djvu;634
c.d.;http://ebuw.uw.edu.pl/Content/283674/Kt2i.djvu?djvuopts&page=00000327r.djvu;635
Publicola;http://ebuw.uw.edu.pl/Content/283674/Kt2i.djvu?djvuopts&page=00000328l.djvu;636
c.d.;http://ebuw.uw.edu.pl/Content/283674/Kt2i.djvu?djvuopts&page=00000328r.djvu;637
Pulmonacea;http://ebuw.uw.edu.pl/Content/283674/Kt2i.djvu?djvuopts&page=00000329l.djvu;638
c.d.;http://ebuw.uw.edu.pl/Content/283674/Kt2i.djvu?djvuopts&page=00000329r.djvu;639
Purifico;http://ebuw.uw.edu.pl/Content/283674/Kt2i.djvu?djvuopts&page=00000330l.djvu;640
c.d.;http://ebuw.uw.edu.pl/Content/283674/Kt2i.djvu?djvuopts&page=00000330r.djvu;641
Pyrrhonij [pyrrhonii];http://ebuw.uw.edu.pl/Content/283674/Kt2i.djvu?djvuopts&page=00000331l.djvu;642
c.d.;http://ebuw.uw.edu.pl/Content/283674/Kt2i.djvu?djvuopts&page=00000331r.djvu;643
Quadro;http://ebuw.uw.edu.pl/Content/283674/Kt2i.djvu?djvuopts&page=00000332l.djvu;644
c.d.;http://ebuw.uw.edu.pl/Content/283674/Kt2i.djvu?djvuopts&page=00000332r.djvu;645
Quantumuis;http://ebuw.uw.edu.pl/Content/283674/Kt2i.djvu?djvuopts&page=00000333l.djvu;646
c.d.;http://ebuw.uw.edu.pl/Content/283674/Kt2i.djvu?djvuopts&page=00000333r.djvu;647
Quidpiam;http://ebuw.uw.edu.pl/Content/283674/Kt2i.djvu?djvuopts&page=00000334l.djvu;648
c.d.;http://ebuw.uw.edu.pl/Content/283674/Kt2i.djvu?djvuopts&page=00000334r.djvu;649
Quod superest;http://ebuw.uw.edu.pl/Content/283674/Kt2i.djvu?djvuopts&page=00000335l.djvu;650
c.d.;http://ebuw.uw.edu.pl/Content/283674/Kt2i.djvu?djvuopts&page=00000335r.djvu;651
Rancidus;http://ebuw.uw.edu.pl/Content/283674/Kt2i.djvu?djvuopts&page=00000336l.djvu;652
c.d.;http://ebuw.uw.edu.pl/Content/283674/Kt2i.djvu?djvuopts&page=00000336r.djvu;653
Ratum habeo;http://ebuw.uw.edu.pl/Content/283674/Kt2i.djvu?djvuopts&page=00000337l.djvu;654
c.d.;http://ebuw.uw.edu.pl/Content/283674/Kt2i.djvu?djvuopts&page=00000337r.djvu;655
Recipio vires;http://ebuw.uw.edu.pl/Content/283674/Kt2i.djvu?djvuopts&page=00000338l.djvu;656
c.d.;http://ebuw.uw.edu.pl/Content/283674/Kt2i.djvu?djvuopts&page=00000338r.djvu;657
Recuperatio;http://ebuw.uw.edu.pl/Content/283674/Kt2i.djvu?djvuopts&page=00000339l.djvu;658
c.d.;http://ebuw.uw.edu.pl/Content/283674/Kt2i.djvu?djvuopts&page=00000339r.djvu;659
Reduncus;http://ebuw.uw.edu.pl/Content/283674/Kt2i.djvu?djvuopts&page=00000340l.djvu;660
c.d.;http://ebuw.uw.edu.pl/Content/283674/Kt2i.djvu?djvuopts&page=00000340r.djvu;661
Regero;http://ebuw.uw.edu.pl/Content/283674/Kt2i.djvu?djvuopts&page=00000341l.djvu;662
c.d.;http://ebuw.uw.edu.pl/Content/283674/Kt2i.djvu?djvuopts&page=00000341r.djvu;663
Relinquor;http://ebuw.uw.edu.pl/Content/283674/Kt2i.djvu?djvuopts&page=00000342l.djvu;664
c.d.;http://ebuw.uw.edu.pl/Content/283674/Kt2i.djvu?djvuopts&page=00000342r.djvu;665
Renascor;http://ebuw.uw.edu.pl/Content/283674/Kt2i.djvu?djvuopts&page=00000343l.djvu;666
c.d.;http://ebuw.uw.edu.pl/Content/283674/Kt2i.djvu?djvuopts&page=00000343r.djvu;667
Reprehensibilis;http://ebuw.uw.edu.pl/Content/283674/Kt2i.djvu?djvuopts&page=00000344l.djvu;668
c.d.;http://ebuw.uw.edu.pl/Content/283674/Kt2i.djvu?djvuopts&page=00000344r.djvu;669
Resex;http://ebuw.uw.edu.pl/Content/283674/Kt2i.djvu?djvuopts&page=00000345l.djvu;670
c.d.;http://ebuw.uw.edu.pl/Content/283674/Kt2i.djvu?djvuopts&page=00000345r.djvu;671
Resulto;http://ebuw.uw.edu.pl/Content/283674/Kt2i.djvu?djvuopts&page=00000346l.djvu;672
c.d.;http://ebuw.uw.edu.pl/Content/283674/Kt2i.djvu?djvuopts&page=00000346r.djvu;673
Revertitur vomitu;http://ebuw.uw.edu.pl/Content/283674/Kt2i.djvu?djvuopts&page=00000347l.djvu;674
c.d.;http://ebuw.uw.edu.pl/Content/283674/Kt2i.djvu?djvuopts&page=00000347r.djvu;675
Rhythium;http://ebuw.uw.edu.pl/Content/283674/Kt2i.djvu?djvuopts&page=00000348l.djvu;676
c.d.;http://ebuw.uw.edu.pl/Content/283674/Kt2i.djvu?djvuopts&page=00000348r.djvu;677
Roma;http://ebuw.uw.edu.pl/Content/283674/Kt2i.djvu?djvuopts&page=00000349l.djvu;678
c.d.;http://ebuw.uw.edu.pl/Content/283674/Kt2i.djvu?djvuopts&page=00000349r.djvu;679
Rudem accepit;http://ebuw.uw.edu.pl/Content/283674/Kt2i.djvu?djvuopts&page=00000350l.djvu;680
c.d.;http://ebuw.uw.edu.pl/Content/283674/Kt2i.djvu?djvuopts&page=00000350r.djvu;681
Rusculum;http://ebuw.uw.edu.pl/Content/283674/Kt2i.djvu?djvuopts&page=00000351l.djvu;682
c.d.;http://ebuw.uw.edu.pl/Content/283674/Kt2i.djvu?djvuopts&page=00000351r.djvu;683
Sacris adstringo;http://ebuw.uw.edu.pl/Content/283674/Kt2i.djvu?djvuopts&page=00000352l.djvu;684
c.d.;http://ebuw.uw.edu.pl/Content/283674/Kt2i.djvu?djvuopts&page=00000352r.djvu;685
Saliva siderum;http://ebuw.uw.edu.pl/Content/283674/Kt2i.djvu?djvuopts&page=00000353l.djvu;686
c.d.;http://ebuw.uw.edu.pl/Content/283674/Kt2i.djvu?djvuopts&page=00000353r.djvu;687
Sambucista;http://ebuw.uw.edu.pl/Content/283674/Kt2i.djvu?djvuopts&page=00000354l.djvu;688
c.d.;http://ebuw.uw.edu.pl/Content/283674/Kt2i.djvu?djvuopts&page=00000354r.djvu;689
Sapium;http://ebuw.uw.edu.pl/Content/283674/Kt2i.djvu?djvuopts&page=00000355l.djvu;690
c.d.;http://ebuw.uw.edu.pl/Content/283674/Kt2i.djvu?djvuopts&page=00000355r.djvu;691
Satrapia;http://ebuw.uw.edu.pl/Content/283674/Kt2i.djvu?djvuopts&page=00000356l.djvu;692
c.d.;http://ebuw.uw.edu.pl/Content/283674/Kt2i.djvu?djvuopts&page=00000356r.djvu;693
Scando versum;http://ebuw.uw.edu.pl/Content/283674/Kt2i.djvu?djvuopts&page=00000357l.djvu;694
c.d.;http://ebuw.uw.edu.pl/Content/283674/Kt2i.djvu?djvuopts&page=00000357r.djvu;695
Schoenus odoratus;http://ebuw.uw.edu.pl/Content/283674/Kt2i.djvu?djvuopts&page=00000358l.djvu;696
c.d.;http://ebuw.uw.edu.pl/Content/283674/Kt2i.djvu?djvuopts&page=00000358r.djvu;697
Scordiscarius;http://ebuw.uw.edu.pl/Content/283674/Kt2i.djvu?djvuopts&page=00000359l.djvu;698
c.d.;http://ebuw.uw.edu.pl/Content/283674/Kt2i.djvu?djvuopts&page=00000359r.djvu;699
Scutilus;http://ebuw.uw.edu.pl/Content/283674/Kt2i.djvu?djvuopts&page=00000360l.djvu;700
c.d.;http://ebuw.uw.edu.pl/Content/283674/Kt2i.djvu?djvuopts&page=00000360r.djvu;701
Securidaca;http://ebuw.uw.edu.pl/Content/283674/Kt2i.djvu?djvuopts&page=00000361l.djvu;702
c.d.;http://ebuw.uw.edu.pl/Content/283674/Kt2i.djvu?djvuopts&page=00000361r.djvu;703
Semel anno;http://ebuw.uw.edu.pl/Content/283674/Kt2i.djvu?djvuopts&page=00000362l.djvu;704
c.d.;http://ebuw.uw.edu.pl/Content/283674/Kt2i.djvu?djvuopts&page=00000362r.djvu;705
Semisopitus;http://ebuw.uw.edu.pl/Content/283674/Kt2i.djvu?djvuopts&page=00000363l.djvu;706
c.d.;http://ebuw.uw.edu.pl/Content/283674/Kt2i.djvu?djvuopts&page=00000363r.djvu;707
Sententia sanguinaria;http://ebuw.uw.edu.pl/Content/283674/Kt2i.djvu?djvuopts&page=00000364l.djvu;708
c.d.;http://ebuw.uw.edu.pl/Content/283674/Kt2i.djvu?djvuopts&page=00000364r.djvu;709
Sequestro do;http://ebuw.uw.edu.pl/Content/283674/Kt2i.djvu?djvuopts&page=00000365l.djvu;710
c.d.;http://ebuw.uw.edu.pl/Content/283674/Kt2i.djvu?djvuopts&page=00000365r.djvu;711
Servitia;http://ebuw.uw.edu.pl/Content/283674/Kt2i.djvu?djvuopts&page=00000366l.djvu;712
c.d.;http://ebuw.uw.edu.pl/Content/283674/Kt2i.djvu?djvuopts&page=00000366r.djvu;713
Sexennium;http://ebuw.uw.edu.pl/Content/283674/Kt2i.djvu?djvuopts&page=00000367l.djvu;714
c.d.;http://ebuw.uw.edu.pl/Content/283674/Kt2i.djvu?djvuopts&page=00000367r.djvu;715
Signarius;http://ebuw.uw.edu.pl/Content/283674/Kt2i.djvu?djvuopts&page=00000368l.djvu;715
c.d.;http://ebuw.uw.edu.pl/Content/283674/Kt2i.djvu?djvuopts&page=00000368r.djvu;717
Simplicitas;http://ebuw.uw.edu.pl/Content/283674/Kt2i.djvu?djvuopts&page=00000369l.djvu;718
c.d.;http://ebuw.uw.edu.pl/Content/283674/Kt2i.djvu?djvuopts&page=00000369r.djvu;719
Sirpe;http://ebuw.uw.edu.pl/Content/283674/Kt2i.djvu?djvuopts&page=00000370l.djvu;720
c.d.;http://ebuw.uw.edu.pl/Content/283674/Kt2i.djvu?djvuopts&page=00000370r.djvu;721
Sol;http://ebuw.uw.edu.pl/Content/283674/Kt2i.djvu?djvuopts&page=00000371l.djvu;722
c.d.;http://ebuw.uw.edu.pl/Content/283674/Kt2i.djvu?djvuopts&page=00000371r.djvu;723
Solpuga;http://ebuw.uw.edu.pl/Content/283674/Kt2i.djvu?djvuopts&page=00000372l.djvu;725
c.d.;http://ebuw.uw.edu.pl/Content/283674/Kt2i.djvu?djvuopts&page=00000372r.djvu;725
Sordide;http://ebuw.uw.edu.pl/Content/283674/Kt2i.djvu?djvuopts&page=00000373l.djvu;726
c.d.;http://ebuw.uw.edu.pl/Content/283674/Kt2i.djvu?djvuopts&page=00000373r.djvu;727
Speciosus;http://ebuw.uw.edu.pl/Content/283674/Kt2i.djvu?djvuopts&page=00000374l.djvu;728
c.d.;http://ebuw.uw.edu.pl/Content/283674/Kt2i.djvu?djvuopts&page=00000374r.djvu;729
Spira;http://ebuw.uw.edu.pl/Content/283674/Kt2i.djvu?djvuopts&page=00000375l.djvu;730
c.d.;http://ebuw.uw.edu.pl/Content/283674/Kt2i.djvu?djvuopts&page=00000375r.djvu;731
Sponte naturae natus;http://ebuw.uw.edu.pl/Content/283674/Kt2i.djvu?djvuopts&page=00000376l.djvu;732
c.d.;http://ebuw.uw.edu.pl/Content/283674/Kt2i.djvu?djvuopts&page=00000376r.djvu;733
Stapia;http://ebuw.uw.edu.pl/Content/283674/Kt2i.djvu?djvuopts&page=00000377l.djvu;734
c.d.;http://ebuw.uw.edu.pl/Content/283674/Kt2i.djvu?djvuopts&page=00000377r.djvu;735
Stica;http://ebuw.uw.edu.pl/Content/283674/Kt2i.djvu?djvuopts&page=00000378l.djvu;736
c.d.;http://ebuw.uw.edu.pl/Content/283674/Kt2i.djvu?djvuopts&page=00000378r.djvu;737
Stragulum;http://ebuw.uw.edu.pl/Content/283674/Kt2i.djvu?djvuopts&page=00000379l.djvu;738
c.d.;http://ebuw.uw.edu.pl/Content/283674/Kt2i.djvu?djvuopts&page=00000379r.djvu;739
Structor;http://ebuw.uw.edu.pl/Content/283674/Kt2i.djvu?djvuopts&page=00000380l.djvu;740
c.d.;http://ebuw.uw.edu.pl/Content/283674/Kt2i.djvu?djvuopts&page=00000380r.djvu;741
Sub Alexandro;http://ebuw.uw.edu.pl/Content/283674/Kt2i.djvu?djvuopts&page=00000381l.djvu;742
c.d.;http://ebuw.uw.edu.pl/Content/283674/Kt2i.djvu?djvuopts&page=00000381r.djvu;743
Subexhibeo;http://ebuw.uw.edu.pl/Content/283674/Kt2i.djvu?djvuopts&page=00000382l.djvu;744
c.d.;http://ebuw.uw.edu.pl/Content/283674/Kt2i.djvu?djvuopts&page=00000382r.djvu;745
Sublingio;http://ebuw.uw.edu.pl/Content/283674/Kt2i.djvu?djvuopts&page=00000383l.djvu;746
c.d.;http://ebuw.uw.edu.pl/Content/283674/Kt2i.djvu?djvuopts&page=00000383r.djvu;747
Subsicco;http://ebuw.uw.edu.pl/Content/283674/Kt2i.djvu?djvuopts&page=00000384l.djvu;748
c.d.;http://ebuw.uw.edu.pl/Content/283674/Kt2i.djvu?djvuopts&page=00000384r.djvu;749
Subversio;http://ebuw.uw.edu.pl/Content/283674/Kt2i.djvu?djvuopts&page=00000385l.djvu;750
c.d.;http://ebuw.uw.edu.pl/Content/283674/Kt2i.djvu?djvuopts&page=00000385r.djvu;751
Suffarcinatus;http://ebuw.uw.edu.pl/Content/283674/Kt2i.djvu?djvuopts&page=00000386l.djvu;752
c.d.;http://ebuw.uw.edu.pl/Content/283674/Kt2i.djvu?djvuopts&page=00000386r.djvu;753
Sulfuratio;http://ebuw.uw.edu.pl/Content/283674/Kt2i.djvu?djvuopts&page=00000387l.djvu;754
c.d.;http://ebuw.uw.edu.pl/Content/283674/Kt2i.djvu?djvuopts&page=00000387r.djvu;755
Superadijcio [superadiicio];http://ebuw.uw.edu.pl/Content/283674/Kt2i.djvu?djvuopts&page=00000388l.djvu;756
c.d.;http://ebuw.uw.edu.pl/Content/283674/Kt2i.djvu?djvuopts&page=00000388r.djvu;757
Superobruo;http://ebuw.uw.edu.pl/Content/283674/Kt2i.djvu?djvuopts&page=00000389l.djvu;758
c.d.;http://ebuw.uw.edu.pl/Content/283674/Kt2i.djvu?djvuopts&page=00000389r.djvu;759
Supplodo;http://ebuw.uw.edu.pl/Content/283674/Kt2i.djvu?djvuopts&page=00000390l.djvu;760
c.d.;http://ebuw.uw.edu.pl/Content/283674/Kt2i.djvu?djvuopts&page=00000390r.djvu;761
Suspendium;http://ebuw.uw.edu.pl/Content/283674/Kt2i.djvu?djvuopts&page=00000391l.djvu;762
c.d.;http://ebuw.uw.edu.pl/Content/283674/Kt2i.djvu?djvuopts&page=00000391r.djvu;763
Symbolum;http://ebuw.uw.edu.pl/Content/283674/Kt2i.djvu?djvuopts&page=00000392l.djvu;764
c.d.;http://ebuw.uw.edu.pl/Content/283674/Kt2i.djvu?djvuopts&page=00000392r.djvu;765
Syrtites;http://ebuw.uw.edu.pl/Content/283674/Kt2i.djvu?djvuopts&page=00000393l.djvu;766
c.d.;http://ebuw.uw.edu.pl/Content/283674/Kt2i.djvu?djvuopts&page=00000393r.djvu;767
Talentarius;http://ebuw.uw.edu.pl/Content/283674/Kt2i.djvu?djvuopts&page=00000394l.djvu;768
c.d.;http://ebuw.uw.edu.pl/Content/283674/Kt2i.djvu?djvuopts&page=00000394r.djvu;769
Taurobolium;http://ebuw.uw.edu.pl/Content/283674/Kt2i.djvu?djvuopts&page=00000395l.djvu;770
c.d.;http://ebuw.uw.edu.pl/Content/283674/Kt2i.djvu?djvuopts&page=00000395r.djvu;771
Tempestiva viro;http://ebuw.uw.edu.pl/Content/283674/Kt2i.djvu?djvuopts&page=00000396l.djvu;772
c.d.;http://ebuw.uw.edu.pl/Content/283674/Kt2i.djvu?djvuopts&page=00000396r.djvu;773
Tenuitas;http://ebuw.uw.edu.pl/Content/283674/Kt2i.djvu?djvuopts&page=00000397l.djvu;774
c.d.;http://ebuw.uw.edu.pl/Content/283674/Kt2i.djvu?djvuopts&page=00000397r.djvu;775
Tertiatus;http://ebuw.uw.edu.pl/Content/283674/Kt2i.djvu?djvuopts&page=00000398l.djvu;776
c.d.;http://ebuw.uw.edu.pl/Content/283674/Kt2i.djvu?djvuopts&page=00000398r.djvu;777
Tetrans;http://ebuw.uw.edu.pl/Content/283674/Kt2i.djvu?djvuopts&page=00000399l.djvu;778
c.d.;http://ebuw.uw.edu.pl/Content/283674/Kt2i.djvu?djvuopts&page=00000399r.djvu;779
Thesaurus;http://ebuw.uw.edu.pl/Content/283674/Kt2i.djvu?djvuopts&page=00000400l.djvu;780
c.d.;http://ebuw.uw.edu.pl/Content/283674/Kt2i.djvu?djvuopts&page=00000400r.djvu;781
Tinnimentum;http://ebuw.uw.edu.pl/Content/283674/Kt2i.djvu?djvuopts&page=00000401l.djvu;782
c.d.;http://ebuw.uw.edu.pl/Content/283674/Kt2i.djvu?djvuopts&page=00000401r.djvu;783
Tonsura;http://ebuw.uw.edu.pl/Content/283674/Kt2i.djvu?djvuopts&page=00000402l.djvu;784
c.d.;http://ebuw.uw.edu.pl/Content/283674/Kt2i.djvu?djvuopts&page=00000402r.djvu;785
Totidem;http://ebuw.uw.edu.pl/Content/283674/Kt2i.djvu?djvuopts&page=00000403l.djvu;786
c.d.;http://ebuw.uw.edu.pl/Content/283674/Kt2i.djvu?djvuopts&page=00000403r.djvu;787
Tralatio;http://ebuw.uw.edu.pl/Content/283674/Kt2i.djvu?djvuopts&page=00000404l.djvu;788
c.d.;http://ebuw.uw.edu.pl/Content/283674/Kt2i.djvu?djvuopts&page=00000404r.djvu;789
Translative;http://ebuw.uw.edu.pl/Content/283674/Kt2i.djvu?djvuopts&page=00000405l.djvu;790
c.d.;http://ebuw.uw.edu.pl/Content/283674/Kt2i.djvu?djvuopts&page=00000405r.djvu;791
Tribula;http://ebuw.uw.edu.pl/Content/283674/Kt2i.djvu?djvuopts&page=00000406l.djvu;792
c.d.;http://ebuw.uw.edu.pl/Content/283674/Kt2i.djvu?djvuopts&page=00000406r.djvu;793
Trigarium;http://ebuw.uw.edu.pl/Content/283674/Kt2i.djvu?djvuopts&page=00000407l.djvu;794
c.d.;http://ebuw.uw.edu.pl/Content/283674/Kt2i.djvu?djvuopts&page=00000407r.djvu;795
Tritor compedum;http://ebuw.uw.edu.pl/Content/283674/Kt2i.djvu?djvuopts&page=00000408l.djvu;796
c.d.;http://ebuw.uw.edu.pl/Content/283674/Kt2i.djvu?djvuopts&page=00000408r.djvu;797
Tuam fidem;http://ebuw.uw.edu.pl/Content/283674/Kt2i.djvu?djvuopts&page=00000409l.djvu;798
c.d.;http://ebuw.uw.edu.pl/Content/283674/Kt2i.djvu?djvuopts&page=00000409r.djvu;799
Turca;http://ebuw.uw.edu.pl/Content/283674/Kt2i.djvu?djvuopts&page=00000410l.djvu;800
c.d.;http://ebuw.uw.edu.pl/Content/283674/Kt2i.djvu?djvuopts&page=00000410r.djvu;801
Tzanga;http://ebuw.uw.edu.pl/Content/283674/Kt2i.djvu?djvuopts&page=00000411l.djvu;802
c.d.;http://ebuw.uw.edu.pl/Content/283674/Kt2i.djvu?djvuopts&page=00000411r.djvu;803
Vallus;http://ebuw.uw.edu.pl/Content/283674/Kt2i.djvu?djvuopts&page=00000412l.djvu;804
c.d.;http://ebuw.uw.edu.pl/Content/283674/Kt2i.djvu?djvuopts&page=00000412r.djvu;805
Ubi ubi;http://ebuw.uw.edu.pl/Content/283674/Kt2i.djvu?djvuopts&page=00000413l.djvu;806
c.d.;http://ebuw.uw.edu.pl/Content/283674/Kt2i.djvu?djvuopts&page=00000413r.djvu;807
Velocitas;http://ebuw.uw.edu.pl/Content/283674/Kt2i.djvu?djvuopts&page=00000414l.djvu;808
c.d.;http://ebuw.uw.edu.pl/Content/283674/Kt2i.djvu?djvuopts&page=00000414r.djvu;809
Ventosus;http://ebuw.uw.edu.pl/Content/283674/Kt2i.djvu?djvuopts&page=00000415l.djvu;810
c.d.;http://ebuw.uw.edu.pl/Content/283674/Kt2i.djvu?djvuopts&page=00000415r.djvu;811
Verisimiliter;http://ebuw.uw.edu.pl/Content/283674/Kt2i.djvu?djvuopts&page=00000416l.djvu;812
c.d.;http://ebuw.uw.edu.pl/Content/283674/Kt2i.djvu?djvuopts&page=00000416r.djvu;813
Verticosus;http://ebuw.uw.edu.pl/Content/283674/Kt2i.djvu?djvuopts&page=00000417l.djvu;814
c.d.;http://ebuw.uw.edu.pl/Content/283674/Kt2i.djvu?djvuopts&page=00000417r.djvu;815
Vestitor;http://ebuw.uw.edu.pl/Content/283674/Kt2i.djvu?djvuopts&page=00000418l.djvu;816
c.d.;http://ebuw.uw.edu.pl/Content/283674/Kt2i.djvu?djvuopts&page=00000418r.djvu;817
Vicesimatio;http://ebuw.uw.edu.pl/Content/283674/Kt2i.djvu?djvuopts&page=00000419l.djvu;818
c.d.;http://ebuw.uw.edu.pl/Content/283674/Kt2i.djvu?djvuopts&page=00000419r.djvu;819
Vim affero;http://ebuw.uw.edu.pl/Content/283674/Kt2i.djvu?djvuopts&page=00000420l.djvu;820
c.d.;http://ebuw.uw.edu.pl/Content/283674/Kt2i.djvu?djvuopts&page=00000420r.djvu;821
Vio;http://ebuw.uw.edu.pl/Content/283674/Kt2i.djvu?djvuopts&page=00000421l.djvu;822
c.d.;http://ebuw.uw.edu.pl/Content/283674/Kt2i.djvu?djvuopts&page=00000421r.djvu;823
Vis;http://ebuw.uw.edu.pl/Content/283674/Kt2i.djvu?djvuopts&page=00000422l.djvu;824
c.d.;http://ebuw.uw.edu.pl/Content/283674/Kt2i.djvu?djvuopts&page=00000422r.djvu;825
Vitulus;http://ebuw.uw.edu.pl/Content/283674/Kt2i.djvu?djvuopts&page=00000423l.djvu;826
c.d.;http://ebuw.uw.edu.pl/Content/283674/Kt2i.djvu?djvuopts&page=00000423r.djvu;827
Umbraticola;http://ebuw.uw.edu.pl/Content/283674/Kt2i.djvu?djvuopts&page=00000424l.djvu;828
c.d.;http://ebuw.uw.edu.pl/Content/283674/Kt2i.djvu?djvuopts&page=00000424r.djvu;829
Unicalamus;http://ebuw.uw.edu.pl/Content/283674/Kt2i.djvu?djvuopts&page=00000425l.djvu;830
c.d.;http://ebuw.uw.edu.pl/Content/283674/Kt2i.djvu?djvuopts&page=00000425r.djvu;831
Volo;http://ebuw.uw.edu.pl/Content/283674/Kt2i.djvu?djvuopts&page=00000426l.djvu;832
c.d.;http://ebuw.uw.edu.pl/Content/283674/Kt2i.djvu?djvuopts&page=00000426r.djvu;833
Voveo;http://ebuw.uw.edu.pl/Content/283674/Kt2i.djvu?djvuopts&page=00000427l.djvu;834
c.d.;http://ebuw.uw.edu.pl/Content/283674/Kt2i.djvu?djvuopts&page=00000427r.djvu;835
Usura mergens sortem;http://ebuw.uw.edu.pl/Content/283674/Kt2i.djvu?djvuopts&page=00000428l.djvu;836
c.d.;http://ebuw.uw.edu.pl/Content/283674/Kt2i.djvu?djvuopts&page=00000428r.djvu;837
Vulnerarius;http://ebuw.uw.edu.pl/Content/283674/Kt2i.djvu?djvuopts&page=00000429l.djvu;838
c.d.;http://ebuw.uw.edu.pl/Content/283674/Kt2i.djvu?djvuopts&page=00000429r.djvu;839
Zingiber;http://ebuw.uw.edu.pl/Content/283674/Kt2i.djvu?djvuopts&page=00000430l.djvu;840
c.d.;http://ebuw.uw.edu.pl/Content/283674/Kt2i.djvu?djvuopts&page=00000430r.djvu;840
