strona przedtytułowa;http://ebuw.uw.edu.pl/Content/283674/Kt1i.djvu?djvuopts&page=00000002r.djvu;nlb.1
strona tytułowa;http://ebuw.uw.edu.pl/Content/283674/Kt1i.djvu?djvuopts&page=00000003r.djvu;nlb. 3
dedykacja;http://ebuw.uw.edu.pl/Content/283674/Kt1i.djvu?djvuopts&page=00000004l.djvu;nlb. 4
dedykacja;http://ebuw.uw.edu.pl/Content/283674/Kt1i.djvu?djvuopts&page=00000004r.djvu;nlb. 5
wstęp;http://ebuw.uw.edu.pl/Content/283674/Kt1i.djvu?djvuopts&page=00000005l.djvu;nlb. 6
wstęp;http://ebuw.uw.edu.pl/Content/283674/Kt1i.djvu?djvuopts&page=00000005r.djvu;nlb. 7
wstęp;http://ebuw.uw.edu.pl/Content/283674/Kt1i.djvu?djvuopts&page=00000006l.djvu;nlb. 8
wstęp;http://ebuw.uw.edu.pl/Content/283674/Kt1i.djvu?djvuopts&page=00000006r.djvu;nlb. 9
wstęp;http://ebuw.uw.edu.pl/Content/283674/Kt1i.djvu?djvuopts&page=00000007l.djvu;nlb.  10
wstęp;http://ebuw.uw.edu.pl/Content/283674/Kt1i.djvu?djvuopts&page=00000007r.djvu;nlb.  11
wstęp;http://ebuw.uw.edu.pl/Content/283674/Kt1i.djvu?djvuopts&page=00000008l.djvu;nlb. 12
wstęp;http://ebuw.uw.edu.pl/Content/283674/Kt1i.djvu?djvuopts&page=00000008r.djvu;nlb. 13
wstęp;http://ebuw.uw.edu.pl/Content/283674/Kt1i.djvu?djvuopts&page=00000009l.djvu;nlb. 14
wstęp;http://ebuw.uw.edu.pl/Content/283674/Kt1i.djvu?djvuopts&page=00000009r.djvu;nlb. 15
wstęp;http://ebuw.uw.edu.pl/Content/283674/Kt1i.djvu?djvuopts&page=00000010l.djvu;nlb.  16
wstęp;http://ebuw.uw.edu.pl/Content/283674/Kt1i.djvu?djvuopts&page=00000010r.djvu;nlb.  17
Od autora;http://ebuw.uw.edu.pl/Content/283674/Kt1i.djvu?djvuopts&page=00000011l.djvu;nlb.  18
Od autora;http://ebuw.uw.edu.pl/Content/283674/Kt1i.djvu?djvuopts&page=00000011r.djvu;nlb.  19
Imprimatur;http://ebuw.uw.edu.pl/Content/283674/Kt1i.djvu?djvuopts&page=00000012l.djvu;1
